,City,Common Venue 1,Common Venue 2,Common Venue 3,Common Venue 4,Common Venue 5,Cluster label,Province,Population,Area,Density,Income,URL,FlagURL,Latitude,Longitude
0,'s-Hertogenbosch (gemeente),Bar,Café,Restaurant,Coffee Shop,Mediterranean Restaurant,0,Noord-Brabant,153434,84.63,1783.7,13900,https://nl.wikipedia.org/wiki/%27s-Hertogenbosch_(gemeente),https://nl.wikipedia.org/wiki/Bestand:Flag_of_%27s-Hertogenbosch.svg,51.689166666667,5.3030555555556
1,Aa en Hunze,Restaurant,Resort,Park,Diner,Hotel,3,Drenthe,25319,276.35,91.2,13400,https://nl.wikipedia.org/wiki/Aa_en_Hunze,https://nl.wikipedia.org/wiki/Bestand:Flag_of_Aa_en_Hunze.svg,53.0,6.75
2,Aalburg,Restaurant,Diner,Supermarket,Ice Cream Shop,Café,2,Noord-Brabant,13191,50.4,257.5,12500,https://nl.wikipedia.org/wiki/Aalburg,https://nl.wikipedia.org/wiki/Bestand:Flag_of_Aalburg.svg,51.7525,5.1319444444444
3,Aalsmeer,Harbor / Marina,Gym / Fitness Center,Supermarket,Restaurant,Athletics & Sports,4,Noord-Holland,31584,20.58,1512.7,14700,https://nl.wikipedia.org/wiki/Aalsmeer,https://nl.wikipedia.org/wiki/Bestand:Aalsmeer_flag.svg,52.263888888889,4.7625
4,Aalten (gemeente),Campground,Supermarket,Ice Cream Shop,Restaurant,Gym,3,Gelderland,26943,96.57,278.7,11900,https://nl.wikipedia.org/wiki/Aalten_(gemeente),https://nl.wikipedia.org/wiki/Bestand:Flag_of_Aalten.svg,51.925,6.5808333333333
5,Achtkarspelen,Restaurant,Athletics & Sports,Volleyball Court,Bar,Gym,3,Friesland,27897,102.61,272.7,11400,https://nl.wikipedia.org/wiki/Achtkarspelen,https://nl.wikipedia.org/wiki/Bestand:Flag_of_Achtkarspelen.svg,53.216666666667,6.1333333333333
6,Alblasserdam,Supermarket,Restaurant,Café,Park,Drugstore,4,Zuid-Holland,20029,8.78,2261.6,12300,https://nl.wikipedia.org/wiki/Alblasserdam,https://nl.wikipedia.org/wiki/Bestand:Alblasserdam_vlag.svg,51.865833333333,4.6608333333333
7,Albrandswaard,Restaurant,Supermarket,Café,Beach,Steakhouse,4,Zuid-Holland,25259,22.18,1128.6,15100,https://nl.wikipedia.org/wiki/Albrandswaard,https://nl.wikipedia.org/wiki/Bestand:Albrandswaard_flag.svg,51.856666666667,4.4038888888889
8,Alkmaar (gemeente),Restaurant,Coffee Shop,Café,Bistro,Fast Food Restaurant,4,Noord-Holland,108596,81.42,1316.3,13300,https://nl.wikipedia.org/wiki/Alkmaar_(gemeente),https://nl.wikipedia.org/wiki/Bestand:Alkmaar_Flag.svg,52.616666666667,4.7666666666667
9,Almelo,Café,Supermarket,Shopping Mall,Gym / Fitness Center,Pub,4,Overijssel,72816,67.43,1072.2,11900,https://nl.wikipedia.org/wiki/Almelo,https://nl.wikipedia.org/wiki/Bestand:Almelo_flag_outline.svg,52.366666666667,6.6666666666667
10,Almere,Supermarket,Gym,Shopping Mall,Thrift / Vintage Store,Sporting Goods Shop,4,Flevoland,205220,130.47,1512.4,12500,https://nl.wikipedia.org/wiki/Almere,https://nl.wikipedia.org/wiki/Bestand:Almere_vlag.svg,52.371666666667,5.2208333333333
11,Alphen aan den Rijn (gemeente),Restaurant,Supermarket,Gym,Shopping Mall,Drugstore,4,Zuid-Holland,110315,126.58,848.8,14000,https://nl.wikipedia.org/wiki/Alphen_aan_den_Rijn_(gemeente),https://nl.wikipedia.org/wiki/Bestand:Vlag_Alphen_aan_den_Rijn.svg,52.133611111111,4.6591666666667
12,Alphen-Chaam,Supermarket,French Restaurant,Café,Bar,Campground,4,Noord-Brabant,10106,93.18,105.0,13800,https://nl.wikipedia.org/wiki/Alphen-Chaam,https://nl.wikipedia.org/wiki/Bestand:Alphen-Chaam_vlag.svg,51.499166666667,4.8722222222222
13,Ameland (hoofdbetekenis),Restaurant,Café,Beach Bar,Beach,Bar,5,Friesland,3655,60.02,59.9,11700,https://nl.wikipedia.org/wiki/Ameland_(hoofdbetekenis),https://nl.wikipedia.org/wiki/Bestand:Flag_of_Ameland.svg,53.450277777778,5.7536111111111
14,Amersfoort (hoofdbetekenis),Restaurant,Café,Snack Place,Ice Cream Shop,Coffee Shop,0,Utrecht,155614,62.88,2429.3,13900,https://nl.wikipedia.org/wiki/Amersfoort_(hoofdbetekenis),https://nl.wikipedia.org/wiki/Bestand:Amersfoort_flag_outline.svg,52.156388888889,5.3897222222222
15,Amstelveen,Hockey Field,Snack Place,Park,Japanese Restaurant,Bar,4,Noord-Holland,90118,41.56,2101.5,16200,https://nl.wikipedia.org/wiki/Amstelveen,https://nl.wikipedia.org/wiki/Bestand:Amstelveen_flag.svg,52.301944444444,4.8580555555556
16,Amsterdam (gemeente),Café,Art Museum,Coffee Shop,Restaurant,Sandwich Place,0,Noord-Holland,859732,165.34,4990.2,13900,https://nl.wikipedia.org/wiki/Amsterdam_(gemeente),https://nl.wikipedia.org/wiki/Bestand:Flag_of_Amsterdam.svg,52.363022222222,4.88205
17,Apeldoorn (gemeente),Café,Park,Ice Cream Shop,French Restaurant,Coffee Shop,0,Gelderland,161569,339.96,465.4,13400,https://nl.wikipedia.org/wiki/Apeldoorn_(gemeente),https://nl.wikipedia.org/wiki/Bestand:Apeldoorn_vlag.svg,52.216666666667,5.95
18,Appingedam,Restaurant,Soccer Field,Italian Restaurant,Golf Course,Shopping Mall,3,Groningen,11777,23.84,501.6,12200,https://nl.wikipedia.org/wiki/Appingedam,https://nl.wikipedia.org/wiki/Bestand:Flag_of_Appingedam.svg,53.316666666667,6.8666666666667
19,Arnhem,Restaurant,Café,Coffee Shop,Bar,Fast Food Restaurant,0,Gelderland,157660,98.25,1552.2,12800,https://nl.wikipedia.org/wiki/Arnhem,https://nl.wikipedia.org/wiki/Bestand:VlagArnhem.svg,51.983333333333,5.9166666666667
20,Assen,Hotel,Shopping Mall,Diner,Coffee Shop,Snack Place,3,Drenthe,67776,82.09,817.8,12600,https://nl.wikipedia.org/wiki/Assen,https://nl.wikipedia.org/wiki/Bestand:Flag_of_Assen.svg,52.993611111111,6.5597222222222
21,Asten (gemeente),Restaurant,Golf Course,Snack Place,Gym,Resort,3,Noord-Brabant,16693,70.34,235.9,12900,https://nl.wikipedia.org/wiki/Asten_(gemeente),https://nl.wikipedia.org/wiki/Bestand:Flag_of_Asten.svg,51.403055555556,5.7472222222222
22,Baarle-Nassau,Café,Bar,Friterie,Restaurant,Liquor Store,1,Noord-Brabant,6836,76.27,86.3,12900,https://nl.wikipedia.org/wiki/Baarle-Nassau,https://nl.wikipedia.org/wiki/Bestand:Baarle-Nassau_flag.svg,51.445277777778,4.9305555555556
23,Baarn,Restaurant,Supermarket,Café,Tea Room,Ice Cream Shop,2,Utrecht,24608,32.56,750.6,15100,https://nl.wikipedia.org/wiki/Baarn,https://nl.wikipedia.org/wiki/Bestand:Baarn_flag.svg,52.2125,5.2861111111111
24,Barendrecht,Supermarket,Restaurant,Furniture / Home Store,Pool,Bar,4,Zuid-Holland,48489,20.27,2346.6,14400,https://nl.wikipedia.org/wiki/Barendrecht,https://nl.wikipedia.org/wiki/Bestand:Barendrecht_vlag.svg,51.853055555556,4.5411111111111
25,Barneveld (gemeente),Restaurant,Fast Food Restaurant,Campground,Bath House,Supermarket,3,Gelderland,57563,176.02,311.4,12200,https://nl.wikipedia.org/wiki/Barneveld_(gemeente),https://nl.wikipedia.org/wiki/Bestand:Barneveld_vlag.svg,52.133333333333,5.5833333333333
26,Bedum (gemeente),Soccer Field,Snack Place,Park,Gym / Fitness Center,Skating Rink,3,Groningen,10438,44.58,234.4,12200,https://nl.wikipedia.org/wiki/Bedum_(gemeente),https://nl.wikipedia.org/wiki/Bestand:Flag_of_Bedum.svg,53.283333333333,6.5833333333333
27,Beek (gemeente),Supermarket,Bar,Fast Food Restaurant,River,Restaurant,4,Limburg,15939,21.0,769.2,13400,https://nl.wikipedia.org/wiki/Beek_(gemeente),https://nl.wikipedia.org/wiki/Bestand:Flag_of_Beek_(Limburg).svg,50.939444444444,5.7961111111111
28,Beemster,Supermarket,Café,Restaurant,Shopping Mall,Italian Restaurant,4,Noord-Holland,9702,70.54,126.4,14600,https://nl.wikipedia.org/wiki/Beemster,https://nl.wikipedia.org/wiki/Bestand:Beemster_flag.svg,52.55,4.9277777777778
29,Beesel (gemeente),Clothing Store,Boutique,Movie Theater,Campground,Gastropub,3,Limburg,13478,28.32,476.3,12600,https://nl.wikipedia.org/wiki/Beesel_(gemeente),https://nl.wikipedia.org/wiki/Bestand:Beesel_vlag.svg,51.266944444444,6.0391666666667
30,Berg en Dal (gemeente),Restaurant,Hotel,Park,Bar,Museum,2,Gelderland,34653,44.12,776.2,12800,https://nl.wikipedia.org/wiki/Berg_en_Dal_(gemeente),https://nl.wikipedia.org/wiki/Bestand:Berg_en_Dal_vlag.jpg,51.829166666667,5.9258333333333
31,Bergeijk (gemeente),Restaurant,Diner,Supermarket,Bar,Campground,2,Noord-Brabant,18399,101.04,180.0,13400,https://nl.wikipedia.org/wiki/Bergeijk_(gemeente),https://nl.wikipedia.org/wiki/Bestand:Flag_of_Bergeijk.svg,51.320277777778,5.3591666666667
32,"Bergen (Limburg, gemeente)",Café,Restaurant,History Museum,Bar,Diner,4,Limburg,13104,105.25,124.8,11800,"https://nl.wikipedia.org/wiki/Bergen_(Limburg,_gemeente)",https://nl.wikipedia.org/wiki/Bestand:Bergen_limburg_flag.svg,51.599166666667,6.0336111111111
33,Bergen (Noord-Holland),Restaurant,Park,Café,Coffee Shop,Ice Cream Shop,0,Noord-Holland,29904,97.17,307.5,15500,https://nl.wikipedia.org/wiki/Bergen_(Noord-Holland),https://nl.wikipedia.org/wiki/Bestand:Bergen_(Noord-Holland)_vlag.svg,52.670344444444,4.7054111111111
34,Bergen op Zoom (gemeente),Restaurant,Ice Cream Shop,Fast Food Restaurant,Tennis Court,Gastropub,3,Noord-Brabant,66426,80.76,820.6,12800,https://nl.wikipedia.org/wiki/Bergen_op_Zoom_(gemeente),https://nl.wikipedia.org/wiki/Bestand:Bergen_op_Zoom_vlag.svg,51.5,4.3
35,Berkelland,Restaurant,Café,Supermarket,Campground,Fast Food Restaurant,2,Gelderland,43999,258.72,171.3,12400,https://nl.wikipedia.org/wiki/Berkelland,https://nl.wikipedia.org/wiki/Bestand:Flag_of_Berkelland.svg,52.116666666667,6.5166666666667
36,Bernheze,Bar,Restaurant,Fast Food Restaurant,Supermarket,Bistro,1,Noord-Brabant,30638,89.77,330.8,13200,https://nl.wikipedia.org/wiki/Bernheze,https://nl.wikipedia.org/wiki/Bestand:Flag_of_Bernheze.svg,51.693055555556,5.5252777777778
37,Best,Restaurant,Supermarket,Café,Bar,Furniture / Home Store,2,Noord-Brabant,29570,34.28,840.3,13700,https://nl.wikipedia.org/wiki/Best,https://nl.wikipedia.org/wiki/Bestand:Flag_of_Best_North_Brabant.svg,51.510833333333,5.3922222222222
38,Beuningen (Gelderland),Restaurant,Movie Theater,Café,Supermarket,Castle,3,Gelderland,25833,43.86,575.9,13100,https://nl.wikipedia.org/wiki/Beuningen_(Gelderland),https://nl.wikipedia.org/wiki/Bestand:Beuningen_flag.svg,51.85,5.75
39,Beverwijk,Flea Market,Café,Restaurant,Supermarket,Gym Pool,4,Noord-Holland,41075,18.57,2163.8,13300,https://nl.wikipedia.org/wiki/Beverwijk,https://nl.wikipedia.org/wiki/Bestand:Flag_of_Beverwijk.svg,52.486388888889,4.6563888888889
40,Binnenmaas,Restaurant,Supermarket,Bar,Ice Cream Shop,Outdoor Supply Store,4,Zuid-Holland,29262,50.34,568.3,14600,https://nl.wikipedia.org/wiki/Binnenmaas,https://nl.wikipedia.org/wiki/Bestand:Binnenmaas_vlag.svg,51.809166666667,4.5080555555556
41,Bladel (gemeente),Restaurant,Diner,Supermarket,Soccer Field,Campground,2,Noord-Brabant,20140,75.42,263.6,13000,https://nl.wikipedia.org/wiki/Bladel_(gemeente),https://nl.wikipedia.org/wiki/Bestand:Flag_of_Bladel.svg,51.366666666667,5.2166666666667
42,Blaricum,Restaurant,Bistro,Ice Cream Shop,Pub,Supermarket,2,Noord-Holland,11093,11.13,840.3,21500,https://nl.wikipedia.org/wiki/Blaricum,https://nl.wikipedia.org/wiki/Bestand:Blaricum_vlag.svg,52.272777777778,5.2422222222222
43,Bloemendaal (Noord-Holland),Restaurant,Snack Place,Playground,French Restaurant,Park,2,Noord-Holland,23273,37.93,584.8,22400,https://nl.wikipedia.org/wiki/Bloemendaal_(Noord-Holland),https://nl.wikipedia.org/wiki/Bestand:Flag_of_Bloemendaal.svg,52.402777777778,4.6280555555556
44,Bodegraven-Reeuwijk,Supermarket,Ice Cream Shop,Restaurant,Gym,Shopping Mall,4,Zuid-Holland,34076,37.48,887.7,13500,https://nl.wikipedia.org/wiki/Bodegraven-Reeuwijk,https://nl.wikipedia.org/wiki/Bestand:Bodegraven-Reeuwijk_Vlag.png,52.061777777778,4.7268666666667
45,Boekel (gemeente),Café,Ice Cream Shop,Bar,Supermarket,Bistro,3,Noord-Brabant,10543,34.51,295.2,12200,https://nl.wikipedia.org/wiki/Boekel_(gemeente),https://nl.wikipedia.org/wiki/Bestand:Flag_of_Boekel.svg,51.601111111111,5.6741666666667
46,Bonaire,Beach,Grocery Store,BBQ Joint,Lounge,Japanese Restaurant,3,Geen,15414,288.0,53.5,,https://nl.wikipedia.org/wiki/Bonaire,https://nl.wikipedia.org/wiki/Bestand:Flag_of_Bonaire.svg,12.185277777778,-68.261944444444
47,Borger-Odoorn,Restaurant,Bar,Café,Supermarket,Resort,2,Drenthe,25309,275.18,92.6,12200,https://nl.wikipedia.org/wiki/Borger-Odoorn,https://nl.wikipedia.org/wiki/Bestand:Borger-Odoorn_vlag.svg,52.866666666667,6.85
48,Borne (Overijssel),Shopping Mall,Restaurant,Café,Electronics Store,Fast Food Restaurant,3,Overijssel,23186,26.0,852.5,13100,https://nl.wikipedia.org/wiki/Borne_(Overijssel),https://nl.wikipedia.org/wiki/Bestand:Flag_of_Borne_(Overijssel).svg,52.3,6.75
49,Borsele (gemeente),Restaurant,Bar,Clothing Store,Café,Campground,2,Zeeland,22799,142.03,158.8,12600,https://nl.wikipedia.org/wiki/Borsele_(gemeente),https://nl.wikipedia.org/wiki/Bestand:Flag_of_Borsele.svg,51.426111111111,3.8216666666667
50,Boxmeer (gemeente),Café,Ice Cream Shop,Restaurant,Supermarket,Diner,4,Noord-Brabant,28941,111.56,255.1,13300,https://nl.wikipedia.org/wiki/Boxmeer_(gemeente),https://nl.wikipedia.org/wiki/Bestand:Boxmeer_vlag.svg,51.648333333333,5.9444444444444
51,Boxtel (gemeente),Restaurant,Café,Gastropub,Bar,Fast Food Restaurant,2,Noord-Brabant,30621,63.7,475.8,13200,https://nl.wikipedia.org/wiki/Boxtel_(gemeente),https://nl.wikipedia.org/wiki/Bestand:Boxtel_vlag.svg,51.591111111111,5.3275
52,Breda (gemeente),Coffee Shop,Bar,Restaurant,Sushi Restaurant,Diner,0,Noord-Brabant,183851,126.87,1432.8,13800,https://nl.wikipedia.org/wiki/Breda_(gemeente),https://nl.wikipedia.org/wiki/Bestand:Flag_of_Breda.svg,51.5875,4.775
53,Brielle,Supermarket,Restaurant,Soccer Field,Diner,Beach,4,Zuid-Holland,17107,27.49,602.3,14600,https://nl.wikipedia.org/wiki/Brielle,https://nl.wikipedia.org/wiki/Bestand:Flag_of_Brielle.svg,51.903055555556,4.1638888888889
54,Bronckhorst (hoofdbetekenis),Restaurant,Bar,Campground,Ice Cream Shop,Gastropub,2,Gelderland,36281,283.63,129.2,13400,https://nl.wikipedia.org/wiki/Bronckhorst_(hoofdbetekenis),https://nl.wikipedia.org/wiki/Bestand:Bronckhorst_vlag.svg,52.05,6.3
55,Brummen (gemeente),Restaurant,Supermarket,Café,Bar,Coffee Shop,2,Gelderland,20747,84.01,249.4,13400,https://nl.wikipedia.org/wiki/Brummen_(gemeente),https://nl.wikipedia.org/wiki/Bestand:Brummen_vlag.svg,52.1,6.1
56,Brunssum,Supermarket,Fast Food Restaurant,Soccer Field,Café,Diner,4,Limburg,28209,17.17,1664.4,12000,https://nl.wikipedia.org/wiki/Brunssum,https://nl.wikipedia.org/wiki/Bestand:Brunssum_vlag.svg,50.949166666667,5.97
57,Bunnik (gemeente),Restaurant,Garden,Athletics & Sports,Shopping Mall,Furniture / Home Store,3,Utrecht,15185,36.95,396.6,15900,https://nl.wikipedia.org/wiki/Bunnik_(gemeente),https://nl.wikipedia.org/wiki/Bestand:Flag_of_Bunnik.svg,52.067222222222,5.1969444444444
58,Bunschoten,Restaurant,Tennis Court,Gym,Furniture / Home Store,Café,3,Utrecht,21437,30.5,677.5,12400,https://nl.wikipedia.org/wiki/Bunschoten,https://nl.wikipedia.org/wiki/Bestand:Bunschoten_vlag.svg,52.248055555556,5.3736111111111
59,Buren (gemeente),Restaurant,Diner,Theater,Hotel,Ice Cream Shop,2,Gelderland,26431,134.66,194.4,13400,https://nl.wikipedia.org/wiki/Buren_(gemeente),https://nl.wikipedia.org/wiki/Bestand:Flag_of_Buren.svg,51.910555555556,5.3333333333333
60,Capelle aan den IJssel,Shopping Mall,Restaurant,Furniture / Home Store,Park,Creperie,4,Zuid-Holland,66992,14.3,4642.6,13900,https://nl.wikipedia.org/wiki/Capelle_aan_den_IJssel,https://nl.wikipedia.org/wiki/Bestand:Capelle_aan_den_IJssel_vlag.svg,51.93,4.59
61,Castricum,Beach,Restaurant,Supermarket,Diner,Café,2,Noord-Holland,35627,49.5,693.9,15000,https://nl.wikipedia.org/wiki/Castricum,https://nl.wikipedia.org/wiki/Bestand:Castricum_vlag.svg,52.551666666667,4.6583333333333
62,Coevorden,Shopping Mall,Café,Restaurant,Supermarket,Stables,3,Drenthe,35266,296.68,119.7,12300,https://nl.wikipedia.org/wiki/Coevorden,https://nl.wikipedia.org/wiki/Bestand:Flag_of_Coevorden.svg,52.65,6.7333333333333
63,Cranendonck,Bar,Supermarket,Soccer Field,Café,Friterie,1,Noord-Brabant,20320,76.79,266.8,13300,https://nl.wikipedia.org/wiki/Cranendonck,https://nl.wikipedia.org/wiki/Bestand:Cranendonck_vlag.svg,51.285277777778,5.5880555555556
64,Cromstrijen,Restaurant,Golf Course,French Restaurant,Playground,Canal Lock,2,Zuid-Holland,12834,54.37,235.0,14300,https://nl.wikipedia.org/wiki/Cromstrijen,https://nl.wikipedia.org/wiki/Bestand:Flag_of_Cromstrijen.svg,51.746666666667,4.4461111111111
65,Cuijk (gemeente),Restaurant,Café,Bar,Ice Cream Shop,Supermarket,2,Noord-Brabant,24876,52.5,469.3,12500,https://nl.wikipedia.org/wiki/Cuijk_(gemeente),https://nl.wikipedia.org/wiki/Bestand:Flag_of_Cuijk.svg,51.726944444444,5.8794444444444
66,Culemborg,Restaurant,Scenic Lookout,Fast Food Restaurant,Ice Cream Shop,Café,2,Gelderland,28323,29.58,930.4,13400,https://nl.wikipedia.org/wiki/Culemborg,https://nl.wikipedia.org/wiki/Bestand:Culemborg_flag_correct.svg,51.95,5.2333333333333
67,Dalfsen (gemeente),Restaurant,Café,Campground,Gym,Park,2,Overijssel,28329,165.18,168.1,12700,https://nl.wikipedia.org/wiki/Dalfsen_(gemeente),https://nl.wikipedia.org/wiki/Bestand:Flag_of_Dalfsen.svg,52.506388888889,6.2605555555556
68,Dantumadeel,Restaurant,Hotel,Bar,Café,Fish & Chips Shop,3,Friesland,18941,85.78,221.7,11100,https://nl.wikipedia.org/wiki/Dantumadeel,https://nl.wikipedia.org/wiki/Bestand:Flag_of_Dantumadeel.svg,53.28,5.9830555555556
69,De Bilt (gemeente),Restaurant,Park,French Restaurant,Hotel,Garden,4,Utrecht,42775,66.33,636.5,16700,https://nl.wikipedia.org/wiki/De_Bilt_(gemeente),https://nl.wikipedia.org/wiki/Bestand:Vlag_de_Bilt.svg,52.111944444444,5.1825
70,De Friese Meren,Restaurant,Harbor / Marina,Diner,Supermarket,Café,2,Friesland,51601,356.43,143.8,12334,https://nl.wikipedia.org/wiki/De_Friese_Meren,https://nl.wikipedia.org/wiki/Bestand:De_Friese_Meren_vlag.svg,52.925,5.6833333333333
71,De Marne,Supermarket,Café,Restaurant,Plaza,Diner,3,Groningen,10013,167.45,60.4,11900,https://nl.wikipedia.org/wiki/De_Marne,https://nl.wikipedia.org/wiki/Bestand:De_Marne_vlag.svg,53.35,6.3666666666667
72,De Ronde Venen,Restaurant,Café,Diner,Supermarket,Bar,2,Utrecht,43965,84.4,504.4,15000,https://nl.wikipedia.org/wiki/De_Ronde_Venen,https://nl.wikipedia.org/wiki/Bestand:Flag_of_Ronde_Venen_2017.svg,52.211666666667,4.8913888888889
73,De Wolden,Restaurant,Gastropub,French Restaurant,Café,Movie Theater,3,Drenthe,24031,224.78,105.2,12700,https://nl.wikipedia.org/wiki/De_Wolden,https://nl.wikipedia.org/wiki/Bestand:Flag_of_De_Wolden.svg,52.666666666667,6.4166666666667
74,Delft,Café,Bar,Coffee Shop,Restaurant,Supermarket,0,Zuid-Holland,102230,23.21,4352.5,13000,https://nl.wikipedia.org/wiki/Delft,https://nl.wikipedia.org/wiki/Bestand:Flag_of_Delft.svg,52.011111111111,4.3575
75,Delfzijl,Restaurant,Steakhouse,Fish Market,Seafood Restaurant,Shopping Mall,3,Groningen,24759,132.47,191.4,12100,https://nl.wikipedia.org/wiki/Delfzijl,https://nl.wikipedia.org/wiki/Bestand:Flag_of_Delfzijl.svg,53.333333333333,6.9166666666667
76,Den Haag,Park,Café,Plaza,Restaurant,Gym,4,Zuid-Holland,534158,82.66,6231.3,13400,https://nl.wikipedia.org/wiki/Den_Haag,https://nl.wikipedia.org/wiki/Bestand:Flag_of_The_Hague.svg,52.095555555556,4.3163888888889
77,Den Helder,Café,Restaurant,Hotel,Beach,Museum,2,Noord-Holland,55559,45.43,1244.3,12600,https://nl.wikipedia.org/wiki/Den_Helder,https://nl.wikipedia.org/wiki/Bestand:Flag_of_Den_Helder.svg,52.958333333333,4.7588888888889
78,Deurne (Nederlandse gemeente),Restaurant,Snack Place,Resort,Park,Food,3,Noord-Brabant,32177,119.02,266.9,12800,https://nl.wikipedia.org/wiki/Deurne_(Nederlandse_gemeente),https://nl.wikipedia.org/wiki/Bestand:Deurne_vlag.svg,51.463888888889,5.7947222222222
79,Deventer (gemeente),Bar,Gastropub,Restaurant,Supermarket,Movie Theater,1,Overijssel,99630,131.31,750.9,12500,https://nl.wikipedia.org/wiki/Deventer_(gemeente),https://nl.wikipedia.org/wiki/Bestand:Deventer_vlag.svg,52.25,6.15
80,Diemen,Soccer Field,Park,Café,Supermarket,French Restaurant,4,Noord-Holland,28654,11.99,2225.8,14100,https://nl.wikipedia.org/wiki/Diemen,https://nl.wikipedia.org/wiki/Bestand:Flag_of_Diemen_(municipality).svg,52.343888888889,4.9625
81,Dinkelland,Restaurant,Café,Bar,Shopping Mall,History Museum,2,Overijssel,26305,175.78,147.6,12400,https://nl.wikipedia.org/wiki/Dinkelland,https://nl.wikipedia.org/wiki/Bestand:Flag_of_Dinkelland.svg,52.366666666667,7.0
82,Doesburg,Restaurant,Café,Diner,Art Gallery,Scenic Lookout,2,Gelderland,11283,11.64,978.6,12600,https://nl.wikipedia.org/wiki/Doesburg,https://nl.wikipedia.org/wiki/Bestand:Flag_of_Doesburg.svg,52.016666666667,6.1333333333333
83,Doetinchem (gemeente),Bar,Restaurant,Ice Cream Shop,Gastropub,Café,3,Gelderland,57392,79.14,714.4,12700,https://nl.wikipedia.org/wiki/Doetinchem_(gemeente),https://nl.wikipedia.org/wiki/Bestand:Flag_of_Doetinchem.svg,51.966666666667,6.2833333333333
84,Dongen (gemeente),Bar,Diner,Café,Ice Cream Shop,Auto Garage,3,Noord-Brabant,25853,29.34,863.9,12900,https://nl.wikipedia.org/wiki/Dongen_(gemeente),https://nl.wikipedia.org/wiki/Bestand:Flag_of_Dongen.svg,51.625833333333,4.9433333333333
85,Dongeradeel,Restaurant,Supermarket,Hotel,Soccer Field,Scenic Lookout,3,Friesland,23791,167.27,143.2,11400,https://nl.wikipedia.org/wiki/Dongeradeel,https://nl.wikipedia.org/wiki/Bestand:Flag_of_Dongeradeel.svg,53.360386111111,6.0452277777778
86,Dordrecht,Café,Restaurant,Ice Cream Shop,Supermarket,Fast Food Restaurant,0,Zuid-Holland,118307,79.53,1496.4,12900,https://nl.wikipedia.org/wiki/Dordrecht,https://nl.wikipedia.org/wiki/Bestand:Flag_of_Dordrecht.svg,51.8,4.6666666666667
87,Drechterland (gemeente),Supermarket,Pizza Place,French Restaurant,Diner,Restaurant,3,Noord-Holland,19426,59.17,326.4,13800,https://nl.wikipedia.org/wiki/Drechterland_(gemeente),https://nl.wikipedia.org/wiki/Bestand:Drechterland_vlag.svg,52.695,5.1752777777778
88,Drimmelen (gemeente),Supermarket,Restaurant,Café,Soccer Field,Gastropub,4,Noord-Brabant,27073,96.24,277.5,13700,https://nl.wikipedia.org/wiki/Drimmelen_(gemeente),https://nl.wikipedia.org/wiki/Bestand:Drimmelen_vlag.svg,51.694444444444,4.7972222222222
89,Dronten,Park,Restaurant,Golf Course,Shopping Mall,Chinese Restaurant,3,Flevoland,40687,334.35,121.1,12200,https://nl.wikipedia.org/wiki/Dronten,https://nl.wikipedia.org/wiki/Bestand:Flag_of_Dronten.svg,52.522222222222,5.7183333333333
90,Druten,Restaurant,Supermarket,Exhibit,Diner,Bar,2,Gelderland,18788,38.02,481.0,12600,https://nl.wikipedia.org/wiki/Druten,https://nl.wikipedia.org/wiki/Bestand:Druten_vlag.svg,51.888888888889,5.6044444444444
91,Duiven (gemeente),Restaurant,Supermarket,Soccer Field,Beach,Café,4,Gelderland,25393,34.06,747.7,12600,https://nl.wikipedia.org/wiki/Duiven_(gemeente),https://nl.wikipedia.org/wiki/Bestand:Flag_of_Duiven.svg,51.947222222222,6.0211111111111
92,Echt-Susteren,Restaurant,Bar,Ice Cream Shop,Harbor / Marina,Greek Restaurant,2,Limburg,31681,103.2,310.1,12700,https://nl.wikipedia.org/wiki/Echt-Susteren,https://nl.wikipedia.org/wiki/Bestand:Flag_of_Echt-Susteren.svg,51.083333333333,5.8666666666667
93,Edam-Volendam,Café,Restaurant,Bar,Seafood Restaurant,Cheese Shop,1,Noord-Holland,36010,16.31,1783.9,13900,https://nl.wikipedia.org/wiki/Edam-Volendam,https://nl.wikipedia.org/wiki/Bestand:Gemeente_edam-volendam_vlag.svg,52.501944444444,5.0613888888889
94,Ede (gemeente),Campground,Pool,French Restaurant,Diner,Bar,3,Gelderland,114913,318.33,351.4,12900,https://nl.wikipedia.org/wiki/Ede_(gemeente),https://nl.wikipedia.org/wiki/Bestand:Flag_of_Ede.svg,52.05,5.6666666666667
95,Eemnes,Restaurant,Pool,Gym,Park,Italian Restaurant,2,Utrecht,9093,31.03,283.6,14400,https://nl.wikipedia.org/wiki/Eemnes,https://nl.wikipedia.org/wiki/Bestand:Eemnes_vlag.svg,52.253888888889,5.2572222222222
96,Eemsmond,Athletics & Sports,Farm,French Restaurant,Soccer Field,Harbor / Marina,3,Groningen,15520,189.63,83.2,11200,https://nl.wikipedia.org/wiki/Eemsmond,https://nl.wikipedia.org/wiki/Bestand:Flag_of_Eemsmond.svg,53.4,6.6666666666667
97,Eersel (gemeente),Restaurant,Diner,Campground,Supermarket,Soccer Field,2,Noord-Brabant,18886,82.44,223.0,13800,https://nl.wikipedia.org/wiki/Eersel_(gemeente),https://nl.wikipedia.org/wiki/Bestand:Eersel_vlag.svg,51.357222222222,5.3147222222222
98,Eijsden-Margraten,Restaurant,Bar,French Restaurant,Supermarket,Scenic Lookout,1,Limburg,25530,77.4,322.9,13300,https://nl.wikipedia.org/wiki/Eijsden-Margraten,https://nl.wikipedia.org/wiki/Bestand:Eijsden-Margraten_vlag.svg,50.791666666667,5.7561111111111
99,Eindhoven,Restaurant,Coffee Shop,Café,Bar,French Restaurant,0,Noord-Brabant,229637,87.75,2551.3,13400,https://nl.wikipedia.org/wiki/Eindhoven,https://nl.wikipedia.org/wiki/Bestand:Flag_of_Eindhoven.svg,51.435555555556,5.4805555555556
100,Elburg (gemeente),Restaurant,Snack Place,Bistro,Golf Course,Breakfast Spot,3,Gelderland,23067,63.83,358.8,12100,https://nl.wikipedia.org/wiki/Elburg_(gemeente),https://nl.wikipedia.org/wiki/Bestand:Elburg_vlag.svg,52.45,5.85
101,Emmen (gemeente),Supermarket,Restaurant,Fast Food Restaurant,Chinese Restaurant,Exhibit,4,Drenthe,107167,337.48,319.1,11900,https://nl.wikipedia.org/wiki/Emmen_(gemeente),https://nl.wikipedia.org/wiki/Bestand:Emmen_vlag.svg,52.783333333333,6.8833333333333
102,Enkhuizen,Bar,Café,Diner,Pizza Place,French Restaurant,3,Noord-Holland,18472,12.42,1481.1,12900,https://nl.wikipedia.org/wiki/Enkhuizen,https://nl.wikipedia.org/wiki/Bestand:Enkhuizen_vlag.svg,52.703611111111,5.2852777777778
103,Enschede,Restaurant,Theater,Italian Restaurant,Park,Supermarket,4,Overijssel,157907,141.09,1122.0,11500,https://nl.wikipedia.org/wiki/Enschede,https://nl.wikipedia.org/wiki/Bestand:Flag_of_Enschede.svg,52.219444444444,6.8963888888889
104,Epe (gemeente),Restaurant,Steakhouse,French Restaurant,Café,Playground,2,Gelderland,32978,156.21,206.1,13100,https://nl.wikipedia.org/wiki/Epe_(gemeente),https://nl.wikipedia.org/wiki/Bestand:Flag_of_Epe.svg,52.333333333333,5.9166666666667
105,Ermelo (gemeente),Restaurant,Hotel,Diner,Tapas Restaurant,Café,2,Gelderland,26761,85.67,306.6,13700,https://nl.wikipedia.org/wiki/Ermelo_(gemeente),https://nl.wikipedia.org/wiki/Bestand:Ermelo_vlag.svg,52.283333333333,5.6666666666667
106,Etten-Leur,Restaurant,Supermarket,Furniture / Home Store,Café,Electronics Store,2,Noord-Brabant,43498,55.46,767.2,13100,https://nl.wikipedia.org/wiki/Etten-Leur,https://nl.wikipedia.org/wiki/Bestand:Etten-Leur_vlag.svg,51.570555555556,4.6355555555556
107,Ferwerderadeel,Restaurant,Food,Soccer Field,Supermarket,Chinese Restaurant,3,Friesland,8677,97.65,89.4,11400,https://nl.wikipedia.org/wiki/Ferwerderadeel,https://nl.wikipedia.org/wiki/Bestand:Flag_of_Ferwerderadiel.svg,53.329444444444,5.8408333333333
108,Geertruidenberg (gemeente),Restaurant,Supermarket,Tapas Restaurant,Café,Gym,3,Noord-Brabant,21504,27.02,799.7,13300,https://nl.wikipedia.org/wiki/Geertruidenberg_(gemeente),https://nl.wikipedia.org/wiki/Bestand:Geertruidenberg_vlag.svg,51.700833333333,4.8602777777778
109,Geldermalsen (gemeente),Restaurant,Diner,Sandwich Place,Chinese Restaurant,Bar,2,Gelderland,26964,99.7,263.5,13800,https://nl.wikipedia.org/wiki/Geldermalsen_(gemeente),https://nl.wikipedia.org/wiki/Bestand:Flag_of_Geldermalsen.svg,51.883333333333,5.2833333333333
110,Geldrop-Mierlo,Restaurant,Park,Ice Cream Shop,Hotel,Diner,2,Noord-Brabant,39458,31.06,1251.3,13700,https://nl.wikipedia.org/wiki/Geldrop-Mierlo,https://nl.wikipedia.org/wiki/Bestand:Geldrop-Mierlo_vlag.svg,51.433611111111,5.5880555555556
111,Gemert-Bakel,Restaurant,Café,French Restaurant,Supermarket,Food Court,2,Noord-Brabant,30429,122.75,240.9,12500,https://nl.wikipedia.org/wiki/Gemert-Bakel,https://nl.wikipedia.org/wiki/Bestand:Gemert-Bakel_vlag.svg,51.531111111111,5.7194444444444
112,Gennep (gemeente),Restaurant,Café,Ice Cream Shop,Diner,Supermarket,2,Limburg,17007,48.02,358.3,13000,https://nl.wikipedia.org/wiki/Gennep_(gemeente),https://nl.wikipedia.org/wiki/Bestand:Flag_of_Gennep.svg,51.694166666667,5.9733333333333
113,Giessenlanden,Bar,Restaurant,Snack Place,Park,Sandwich Place,3,Zuid-Holland,14564,63.57,227.9,14100,https://nl.wikipedia.org/wiki/Giessenlanden,https://nl.wikipedia.org/wiki/Bestand:Giessenlanden_vlag.svg,51.881666666667,4.8955555555556
114,Gilze en Rijen,Bar,Playground,French Restaurant,Creperie,Supermarket,4,Noord-Brabant,26399,65.54,398.1,12800,https://nl.wikipedia.org/wiki/Gilze_en_Rijen,https://nl.wikipedia.org/wiki/Bestand:Gilze_en_Rijen_vlag.svg,51.561388888889,4.9333333333333
115,Goeree-Overflakkee,Harbor / Marina,Seafood Restaurant,Restaurant,Shopping Mall,Lake,3,Zuid-Holland,49313,262.03,184.1,13000,https://nl.wikipedia.org/wiki/Goeree-Overflakkee,https://nl.wikipedia.org/wiki/Bestand:Flag_of_Goeree-Overflakkee.png,51.749138888889,4.1294861111111
116,Goes (gemeente),Harbor / Marina,Restaurant,Café,Beach,Bar,2,Zeeland,37632,92.84,400.6,13400,https://nl.wikipedia.org/wiki/Goes_(gemeente),https://nl.wikipedia.org/wiki/Bestand:Flag_of_Goes.svg,51.514722222222,3.8258333333333
117,Goirle (gemeente),Zoo Exhibit,Bar,Café,Restaurant,Coffee Shop,1,Noord-Brabant,23562,42.04,546.8,14000,https://nl.wikipedia.org/wiki/Goirle_(gemeente),https://nl.wikipedia.org/wiki/Bestand:Goirle_vlag.svg,51.52028,5.067101
118,Gorinchem,Restaurant,Diner,Café,Bar,Golf Course,2,Zuid-Holland,36439,18.96,1856.6,12800,https://nl.wikipedia.org/wiki/Gorinchem,https://nl.wikipedia.org/wiki/Bestand:Flag_of_Gorinchem.svg,51.830555555556,4.9741666666667
119,Gouda (hoofdbetekenis),Café,Park,Restaurant,Shopping Mall,Supermarket,4,Zuid-Holland,72825,16.92,4197.3,13400,https://nl.wikipedia.org/wiki/Gouda_(hoofdbetekenis),https://nl.wikipedia.org/wiki/Bestand:Flag_of_Gouda.svg,52.018055555556,4.7055555555556
120,Grave (gemeente),Restaurant,Supermarket,Café,Diner,Hotel,2,Noord-Brabant,12416,27.21,470.9,12700,https://nl.wikipedia.org/wiki/Grave_(gemeente),https://nl.wikipedia.org/wiki/Bestand:Grave_vlag.svg,51.759166666667,5.7383333333333
121,Groningen (gemeente),Coffee Shop,Restaurant,Café,Bakery,Bar,0,Groningen,202332,79.59,2515.5,12300,https://nl.wikipedia.org/wiki/Groningen_(gemeente),https://nl.wikipedia.org/wiki/Bestand:Flag_of_Groningen_City.svg,53.216666666667,6.5666666666667
122,Grootegast (gemeente),Restaurant,Garden,Athletics & Sports,Supermarket,Café,3,Groningen,12148,86.88,139.7,11400,https://nl.wikipedia.org/wiki/Grootegast_(gemeente),https://nl.wikipedia.org/wiki/Bestand:Flag_of_Grootegast.svg,53.209116666667,6.2673555555556
123,Gulpen-Wittem,Restaurant,Gastropub,Bar,Supermarket,Hotel,5,Limburg,14247,73.18,199.6,13000,https://nl.wikipedia.org/wiki/Gulpen-Wittem,https://nl.wikipedia.org/wiki/Bestand:Gulpen-Wittem_flag.svg,50.816111111111,5.8983333333333
124,Haaksbergen,Restaurant,Café,Supermarket,Grocery Store,Hotel,3,Overijssel,24282,104.92,231.7,12600,https://nl.wikipedia.org/wiki/Haaksbergen,https://nl.wikipedia.org/wiki/Bestand:Flag_of_Haaksbergen.svg,52.154722222222,6.7419444444444
125,Haaren (gemeente),Café,Restaurant,Supermarket,Diner,Mediterranean Restaurant,0,Noord-Brabant,14157,57.67,234.7,13900,https://nl.wikipedia.org/wiki/Haaren_(gemeente),https://nl.wikipedia.org/wiki/Bestand:Haaren_vlag.svg,51.601666666667,5.2227777777778
126,Haarlem,Restaurant,Bar,Café,Coffee Shop,Sandwich Place,0,Noord-Holland,160287,29.32,5356.7,14200,https://nl.wikipedia.org/wiki/Haarlem,https://nl.wikipedia.org/wiki/Bestand:Flag_Haarlem.svg,52.380277777778,4.6405555555556
127,Haarlemmerliede en Spaarnwoude,Restaurant,Golf Course,Brewery,Flower Shop,Campground,3,Noord-Holland,5885,19.25,288.0,14700,https://nl.wikipedia.org/wiki/Haarlemmerliede_en_Spaarnwoude,https://nl.wikipedia.org/wiki/Bestand:Haarlemmerliede_en_Spaarnwoude_vlag.svg,52.397222222222,4.7119444444444
128,Haarlemmermeer,Park,Shopping Mall,Restaurant,Pizza Place,Supermarket,4,Noord-Holland,147532,179.76,801.6,14400,https://nl.wikipedia.org/wiki/Haarlemmermeer,https://nl.wikipedia.org/wiki/Bestand:Haarlemmermeer_vlag.svg,52.300833333333,4.6652777777778
129,Halderberge,Restaurant,Bar,Supermarket,Café,Diner,1,Noord-Brabant,29894,74.64,395.6,13500,https://nl.wikipedia.org/wiki/Halderberge,https://nl.wikipedia.org/wiki/Bestand:Halderberge_vlag.svg,51.587222222222,4.5166666666667
130,Hardenberg (gemeente),Restaurant,Campground,Soccer Field,Chinese Restaurant,Resort,3,Overijssel,60544,312.87,190.3,11800,https://nl.wikipedia.org/wiki/Hardenberg_(gemeente),https://nl.wikipedia.org/wiki/Bestand:Flag_of_Hardenberg.svg,52.566666666667,6.6
131,Harderwijk (Gelderland),Café,Beach,Plaza,Diner,Hotel,3,Gelderland,46907,38.46,1190.5,12700,https://nl.wikipedia.org/wiki/Harderwijk_(Gelderland),https://nl.wikipedia.org/wiki/Bestand:Flag_of_Harderwijk.svg,52.35,5.6166666666667
132,Hardinxveld-Giessendam,Soccer Field,Diner,Furniture / Home Store,Bar,Vegetarian / Vegan Restaurant,3,Zuid-Holland,17912,16.91,1051.7,12400,https://nl.wikipedia.org/wiki/Hardinxveld-Giessendam,https://nl.wikipedia.org/wiki/Bestand:Hardinxveldgiessendam_flag.svg,51.828138888889,4.852525
133,Haren (Groningen),Restaurant,Hockey Field,Hotel,Soccer Field,Pool,3,Groningen,19895,45.69,418.8,16300,https://nl.wikipedia.org/wiki/Haren_(Groningen),https://nl.wikipedia.org/wiki/Bestand:Haren_vlag.svg,53.166666666667,6.6
134,Harlingen (gemeente),Restaurant,Café,Diner,Soccer Field,Italian Restaurant,3,Friesland,15766,25.18,627.1,12000,https://nl.wikipedia.org/wiki/Harlingen_(gemeente),https://nl.wikipedia.org/wiki/Bestand:Harlingen_flag.svg,53.173530555556,5.4337694444444
135,Hattem,Restaurant,Museum,Ice Cream Shop,Café,Park,3,Gelderland,12112,23.12,510.1,13700,https://nl.wikipedia.org/wiki/Hattem,https://nl.wikipedia.org/wiki/Bestand:Hattem_vlag.svg,52.483333333333,6.0666666666667
136,Heemskerk (hoofdbetekenis),Supermarket,Flea Market,Café,Diner,Restaurant,4,Noord-Holland,39145,27.48,1427.3,13700,https://nl.wikipedia.org/wiki/Heemskerk_(hoofdbetekenis),https://nl.wikipedia.org/wiki/Bestand:Heemskerk_vlag.svg,52.510833333333,4.6727777777778
137,Heemstede (Noord-Holland),Furniture / Home Store,Restaurant,Supermarket,French Restaurant,Gym,4,Noord-Holland,27134,9.2,2879.5,17800,https://nl.wikipedia.org/wiki/Heemstede_(Noord-Holland),https://nl.wikipedia.org/wiki/Bestand:Flag_of_Heemstede.svg,52.352777777778,4.62
138,Heerde (gemeente),Restaurant,Museum,Café,Ice Cream Shop,Campground,2,Gelderland,18618,78.73,234.9,13100,https://nl.wikipedia.org/wiki/Heerde_(gemeente),https://nl.wikipedia.org/wiki/Bestand:Flag_of_Heerde.svg,52.4,6.05
139,Heerenveen (gemeente),Supermarket,Restaurant,Café,Scenic Lookout,Soccer Field,4,Friesland,50201,135.18,371.1,12900,https://nl.wikipedia.org/wiki/Heerenveen_(gemeente),https://nl.wikipedia.org/wiki/Bestand:Heerenveen_flag.svg,52.965833333333,6.0502777777778
140,Heerhugowaard,Restaurant,Museum,Flower Shop,Spanish Restaurant,Garden Center,3,Noord-Holland,56134,39.25,1368.0,13100,https://nl.wikipedia.org/wiki/Heerhugowaard,https://nl.wikipedia.org/wiki/Bestand:Flag_of_Heerhugowaard.svg,52.668333333333,4.8405555555556
141,Heerlen,Furniture / Home Store,Restaurant,Fast Food Restaurant,Sandwich Place,Department Store,4,Limburg,86766,45.04,1941.1,12300,https://nl.wikipedia.org/wiki/Heerlen,https://nl.wikipedia.org/wiki/Bestand:Heerlen_vlag.svg,50.886388888889,5.9775
142,Heeze-Leende,Restaurant,Bar,Gym / Fitness Center,Hotel,Supermarket,1,Noord-Brabant,15911,103.93,149.5,14600,https://nl.wikipedia.org/wiki/Heeze-Leende,https://nl.wikipedia.org/wiki/Bestand:Heeze-Leende_vlag.svg,51.367222222222,5.5575
143,Heiloo,Restaurant,Coffee Shop,French Restaurant,Café,Park,2,Noord-Holland,23211,18.79,1201.6,15500,https://nl.wikipedia.org/wiki/Heiloo,https://nl.wikipedia.org/wiki/Bestand:Heiloo_vlag.svg,52.601111111111,4.7019444444444
144,Hellendoorn (gemeente),National Park,Restaurant,Camera Store,Chinese Restaurant,Garden Center,3,Overijssel,35792,138.15,257.6,12300,https://nl.wikipedia.org/wiki/Hellendoorn_(gemeente),https://nl.wikipedia.org/wiki/Bestand:Hellendoorn_vlag.svg,52.388486111111,6.4496611111111
145,Hellevoetsluis,Supermarket,Beach,Restaurant,Campground,Food,4,Zuid-Holland,39931,31.57,1228.7,13500,https://nl.wikipedia.org/wiki/Hellevoetsluis,https://nl.wikipedia.org/wiki/Bestand:Flag_of_Hellevoetsluis.svg,51.8325,4.1383333333333
146,Helmond,Restaurant,Ice Cream Shop,Café,Shopping Mall,French Restaurant,2,Noord-Brabant,91024,53.2,1687.9,12300,https://nl.wikipedia.org/wiki/Helmond,https://nl.wikipedia.org/wiki/Bestand:Helmond_vlag.svg,51.477777777778,5.6527777777778
147,Hendrik-Ido-Ambacht,Restaurant,Supermarket,French Restaurant,Café,Park,3,Zuid-Holland,30801,10.73,2721.2,13400,https://nl.wikipedia.org/wiki/Hendrik-Ido-Ambacht,https://nl.wikipedia.org/wiki/Bestand:Flag_of_Hendrik-Ido-Ambacht.svg,51.845277777778,4.64
148,Hengelo (Overijssel),Soccer Field,Shopping Mall,Supermarket,Bakery,Bar,4,Overijssel,80626,61.06,1327.7,12600,https://nl.wikipedia.org/wiki/Hengelo_(Overijssel),"https://nl.wikipedia.org/wiki/Bestand:Flag_of_Hengelo,_Overijssel.svg",52.265555555556,6.7930555555556
149,Heumen (gemeente),Restaurant,Supermarket,Hotel,Café,Hockey Field,2,Gelderland,16440,39.89,410.2,14000,https://nl.wikipedia.org/wiki/Heumen_(gemeente),https://nl.wikipedia.org/wiki/Bestand:Heumen_vlag.svg,51.765555555556,5.8433333333333
150,Heusden (gemeente),Restaurant,Supermarket,Diner,Café,Ice Cream Shop,2,Noord-Brabant,43756,78.88,546.5,13200,https://nl.wikipedia.org/wiki/Heusden_(gemeente),https://nl.wikipedia.org/wiki/Bestand:Flag_of_Heusden.svg,51.704166666667,5.1686111111111
151,Hillegom,Restaurant,Park,Fast Food Restaurant,Supermarket,Garden Center,4,Zuid-Holland,21929,12.87,1637.3,14100,https://nl.wikipedia.org/wiki/Hillegom,https://nl.wikipedia.org/wiki/Bestand:Flag_of_Hillegom.svg,52.291666666667,4.5794444444444
152,Hilvarenbeek (gemeente),Bar,Restaurant,Zoo Exhibit,Gastropub,Café,1,Noord-Brabant,15350,94.92,159.0,13700,https://nl.wikipedia.org/wiki/Hilvarenbeek_(gemeente),https://nl.wikipedia.org/wiki/Bestand:Hilvarenbeek_vlag.svg,51.486111111111,5.1366666666667
153,Hilversum,Restaurant,Italian Restaurant,Coffee Shop,Ice Cream Shop,Café,0,Noord-Holland,89660,45.59,1910.8,15100,https://nl.wikipedia.org/wiki/Hilversum,https://nl.wikipedia.org/wiki/Bestand:Hilversum_vlag.svg,52.223611111111,5.1780555555556
154,Hof van Twente,Restaurant,Castle,Café,Ice Cream Shop,Soccer Field,3,Overijssel,34880,213.18,163.8,13100,https://nl.wikipedia.org/wiki/Hof_van_Twente,https://nl.wikipedia.org/wiki/Bestand:Hof_van_Twente_vlag.svg,52.236313888889,6.5902527777778
155,Hollands Kroon (gemeente),Restaurant,Beach,Café,Ice Cream Shop,Supermarket,5,Noord-Holland,47615,357.6,132.9,12759,https://nl.wikipedia.org/wiki/Hollands_Kroon_(gemeente),https://nl.wikipedia.org/wiki/Bestand:Hollands_kroon_vlag.svg,52.878255555556,4.8113888888889
156,Hoogeveen (gemeente),Supermarket,Café,Restaurant,French Restaurant,Asian Restaurant,3,Drenthe,55647,127.77,430.0,11900,https://nl.wikipedia.org/wiki/Hoogeveen_(gemeente),https://nl.wikipedia.org/wiki/Bestand:Flag_of_Hoogeveen.svg,52.716666666667,6.4666666666667
157,Hoorn (Noord-Holland),Harbor / Marina,Restaurant,History Museum,Diner,Supermarket,4,Noord-Holland,72970,19.31,3723.2,13300,https://nl.wikipedia.org/wiki/Hoorn_(Noord-Holland),https://nl.wikipedia.org/wiki/Bestand:Flag_of_Hoorn.svg,52.652222222222,5.0663888888889
158,Horst aan de Maas,Restaurant,Supermarket,Bar,Café,Hotel,1,Limburg,42243,188.6,224.0,12600,https://nl.wikipedia.org/wiki/Horst_aan_de_Maas,https://nl.wikipedia.org/wiki/Bestand:Horst_aan_de_Maas_vlag.svg,51.436944444444,6.1061111111111
159,Houten,Restaurant,Golf Course,Fast Food Restaurant,Pool,Chinese Restaurant,3,Utrecht,49761,55.71,873.8,14200,https://nl.wikipedia.org/wiki/Houten,https://nl.wikipedia.org/wiki/Bestand:Flag_of_Houten.svg,52.026111111111,5.1727777777778
160,Huizen,Restaurant,Italian Restaurant,Garden,Ice Cream Shop,Pool,2,Noord-Holland,41241,15.77,2614.6,14700,https://nl.wikipedia.org/wiki/Huizen,https://nl.wikipedia.org/wiki/Bestand:Huizen_vlag.svg,52.299444444444,5.2530555555556
161,Hulst (gemeente),Restaurant,Plaza,Bar,Campground,French Restaurant,2,Zeeland,27503,201.48,136.0,13100,https://nl.wikipedia.org/wiki/Hulst_(gemeente),https://nl.wikipedia.org/wiki/Bestand:Hulst_vlag.svg,51.315833333333,4.0538888888889
162,IJsselstein,Restaurant,Shopping Mall,Supermarket,Farm,Creperie,4,Utrecht,34181,21.17,1606.1,13900,https://nl.wikipedia.org/wiki/IJsselstein,https://nl.wikipedia.org/wiki/Bestand:Flag_of_IJsselstein.svg,52.02,5.0422222222222
163,Kaag en Braassem,Restaurant,Grocery Store,Hotel,Gym,Music Store,3,Zuid-Holland,26661,63.47,407.6,,https://nl.wikipedia.org/wiki/Kaag_en_Braassem,https://nl.wikipedia.org/wiki/Bestand:Vlag_van_Kaag_en_Braassem.svg,52.2025,4.6313888888889
164,Kampen (gemeente),Harbor / Marina,Park,Diner,Gym,Mediterranean Restaurant,3,Overijssel,53372,141.34,365.0,11800,https://nl.wikipedia.org/wiki/Kampen_(gemeente),https://nl.wikipedia.org/wiki/Bestand:Flag_of_Kampen.svg,52.55,5.9
165,Kapelle (gemeente),Restaurant,Beach,Bar,Seafood Restaurant,Supermarket,1,Zeeland,12712,37.14,338.6,12900,https://nl.wikipedia.org/wiki/Kapelle_(gemeente),https://nl.wikipedia.org/wiki/Bestand:Flag_of_Kapelle.svg,51.5,3.95
166,Katwijk (Zuid-Holland),Beach,Restaurant,Beach Bar,Diner,Café,5,Zuid-Holland,65023,24.65,2595.5,12500,https://nl.wikipedia.org/wiki/Katwijk_(Zuid-Holland),https://nl.wikipedia.org/wiki/Bestand:Katwijk_vlag.svg,52.200833333333,4.4152777777778
167,Kerkrade (gemeente),Supermarket,Italian Restaurant,Hotel,Plaza,Restaurant,4,Limburg,45612,21.93,2112.7,12000,https://nl.wikipedia.org/wiki/Kerkrade_(gemeente),https://nl.wikipedia.org/wiki/Bestand:Flag_of_Kerkrade.svg,50.864722222222,6.0605555555556
168,Koggenland,Restaurant,Gym,Hockey Field,Supermarket,Pharmacy,3,Noord-Holland,22688,80.85,277.1,13300,https://nl.wikipedia.org/wiki/Koggenland,https://nl.wikipedia.org/wiki/Bestand:Koggenland_vlag.svg,52.648897222222,4.9397277777778
169,Kollumerland en Nieuwkruisland,Restaurant,Supermarket,Gym / Fitness Center,Resort,Chinese Restaurant,3,Friesland,12760,109.89,116.5,11200,https://nl.wikipedia.org/wiki/Kollumerland_en_Nieuwkruisland,https://nl.wikipedia.org/wiki/Bestand:Kollumerland_c.a._flag.svg,53.299697222222,6.1770638888889
170,Korendijk,Supermarket,Restaurant,Shopping Mall,Harbor / Marina,Steakhouse,3,Zuid-Holland,11154,77.91,138.1,13400,https://nl.wikipedia.org/wiki/Korendijk,https://nl.wikipedia.org/wiki/Bestand:Flag_of_Korendijk.svg,51.759166666667,4.3122222222222
171,Krimpen aan den IJssel,Restaurant,Shopping Mall,Golf Course,Park,Café,4,Zuid-Holland,29286,7.83,3694.8,13900,https://nl.wikipedia.org/wiki/Krimpen_aan_den_IJssel,https://nl.wikipedia.org/wiki/Bestand:Krimpen_aan_den_Ijssel_vlag.svg,51.916666666667,4.6
172,Krimpenerwaard (gemeente),Restaurant,Café,History Museum,Sandwich Place,Bar,0,Zuid-Holland,55660,161.3,336.6,,https://nl.wikipedia.org/wiki/Krimpenerwaard_(gemeente),https://nl.wikipedia.org/wiki/Bestand:Krimpen_aan_den_Ijssel_vlag.svg,51.983333333333,4.7833333333333
173,Laarbeek (gemeente),Restaurant,French Restaurant,Ice Cream Shop,Café,Park,2,Noord-Brabant,22206,55.36,395.7,13000,https://nl.wikipedia.org/wiki/Laarbeek_(gemeente),https://nl.wikipedia.org/wiki/Bestand:Flag_of_Laarbeek.svg,51.516111111111,5.6208333333333
174,Landerd,Restaurant,Diner,Supermarket,Clothing Store,Bar,2,Noord-Brabant,15440,70.4,216.8,12900,https://nl.wikipedia.org/wiki/Landerd,https://nl.wikipedia.org/wiki/Bestand:Flag_of_Landerd.svg,51.718611111111,5.655
175,Landgraaf (gemeente),Restaurant,Italian Restaurant,Supermarket,Bar,Zoo Exhibit,2,Limburg,37607,24.6,1521.6,12500,https://nl.wikipedia.org/wiki/Landgraaf_(gemeente),https://nl.wikipedia.org/wiki/Bestand:Flag_of_Landgraaf.svg,50.908333333333,6.0297222222222
176,Landsmeer,Café,Restaurant,Fast Food Restaurant,Supermarket,Park,4,Noord-Holland,11440,22.54,481.5,15500,https://nl.wikipedia.org/wiki/Landsmeer,https://nl.wikipedia.org/wiki/Bestand:Landsmeer_vlag.svg,52.466111111111,4.9230555555556
177,Langedijk,Playground,Shopping Mall,Restaurant,Supermarket,Zoo Exhibit,3,Noord-Holland,27914,24.15,1129.1,13500,https://nl.wikipedia.org/wiki/Langedijk,https://nl.wikipedia.org/wiki/Bestand:Langedijk_vlag.svg,52.693611111111,4.7944444444444
178,Lansingerland,Restaurant,Supermarket,Bar,Italian Restaurant,Gym,2,Zuid-Holland,61257,54.0,1077.0,14600,https://nl.wikipedia.org/wiki/Lansingerland,https://nl.wikipedia.org/wiki/Bestand:Flag_Lansingerland.svg,51.998611111111,4.5038888888889
179,Laren (Noord-Holland),Restaurant,Park,Soccer Field,Café,Hockey Field,2,Noord-Holland,11176,12.22,890.2,20000,https://nl.wikipedia.org/wiki/Laren_(Noord-Holland),"https://nl.wikipedia.org/wiki/Bestand:Flag_of_Laren,_North_Holland.svg",52.2564,5.22475
180,Leek (Groningen),Restaurant,Café,Sauna / Steam Room,Gym / Fitness Center,Outdoors & Recreation,3,Groningen,19680,63.57,306.3,12400,https://nl.wikipedia.org/wiki/Leek_(Groningen),https://nl.wikipedia.org/wiki/Bestand:Flag_of_Leek.svg,53.15,6.3833333333333
181,Leerdam (hoofdbetekenis),Restaurant,Bar,Park,Café,Supermarket,3,Zuid-Holland,21069,33.79,609.9,12400,https://nl.wikipedia.org/wiki/Leerdam_(hoofdbetekenis),https://nl.wikipedia.org/wiki/Bestand:Leerdam_flag.svg,51.893888888889,5.0913888888889
182,Leeuwarden (gemeente),Supermarket,Bar,Plaza,Electronics Store,Museum,4,Friesland,122335,151.7,711.0,12300,https://nl.wikipedia.org/wiki/Leeuwarden_(gemeente),https://nl.wikipedia.org/wiki/Bestand:Flag_of_Leeuwarden.svg,53.192047222222,5.7966611111111
183,Leiden (hoofdbetekenis),Restaurant,Café,Bar,Pub,Coffee Shop,0,Zuid-Holland,124294,21.95,5546.9,13700,https://nl.wikipedia.org/wiki/Leiden_(hoofdbetekenis),https://nl.wikipedia.org/wiki/Bestand:Flag_of_Leiden.svg,52.157222222222,4.4925
184,Leiderdorp,Supermarket,Restaurant,Furniture / Home Store,Shopping Mall,Park,4,Zuid-Holland,27189,11.73,2296.5,14900,https://nl.wikipedia.org/wiki/Leiderdorp,https://nl.wikipedia.org/wiki/Bestand:Leiderdorp_vlag.svg,52.161666666667,4.5283333333333
185,Leidschendam-Voorburg,Restaurant,Supermarket,Italian Restaurant,Pool,Playground,2,Zuid-Holland,75017,32.82,2258.0,15600,https://nl.wikipedia.org/wiki/Leidschendam-Voorburg,https://nl.wikipedia.org/wiki/Bestand:Leidschendam-Voorburg_vlag.svg,52.09,4.39
186,Lelystad,Clothing Store,Restaurant,Sporting Goods Shop,Park,Supermarket,3,Flevoland,77495,234.13,326.0,12400,https://nl.wikipedia.org/wiki/Lelystad,https://nl.wikipedia.org/wiki/Bestand:Flag_of_Lelystad.svg,52.507777777778,5.4794444444444
187,Leudal (gemeente),Clothing Store,Gastropub,Bar,Boutique,Supermarket,6,Limburg,35709,162.93,222.5,13200,https://nl.wikipedia.org/wiki/Leudal_(gemeente),https://nl.wikipedia.org/wiki/Bestand:Leudal_vlag.svg,51.250741666667,5.8969111111111
188,Leusden,Restaurant,Café,Park,Supermarket,Gastropub,0,Utrecht,29708,58.68,496.1,15100,https://nl.wikipedia.org/wiki/Leusden,https://nl.wikipedia.org/wiki/Bestand:Flag_of_Leusden.svg,52.133055555556,5.4297222222222
189,Lingewaal,Restaurant,Diner,Bar,Park,Scenic Lookout,3,Gelderland,11170,50.59,218.6,13400,https://nl.wikipedia.org/wiki/Lingewaal,https://nl.wikipedia.org/wiki/Bestand:Lingewaal_vlag.svg,51.883333333333,5.1166666666667
190,Lingewaard,Supermarket,Restaurant,Café,Garden Center,Soccer Field,4,Gelderland,46313,62.72,730.4,12900,https://nl.wikipedia.org/wiki/Lingewaard,https://nl.wikipedia.org/wiki/Bestand:Flag_of_Lingewaard.svg,51.9,5.9
191,Lisse,French Restaurant,Park,Café,Harbor / Marina,Restaurant,4,Zuid-Holland,22756,15.7,1436.1,13700,https://nl.wikipedia.org/wiki/Lisse,https://nl.wikipedia.org/wiki/Bestand:Flag_of_Lisse.svg,52.259722222222,4.5611111111111
192,Lochem (gemeente),Restaurant,Hotel Bar,Italian Restaurant,Park,Fast Food Restaurant,2,Gelderland,33580,213.31,155.9,14500,https://nl.wikipedia.org/wiki/Lochem_(gemeente),https://nl.wikipedia.org/wiki/Bestand:Flag_of_Lochem.svg,52.160555555556,6.4325
193,Loon op Zand (gemeente),Café,Diner,Supermarket,Restaurant,Campground,4,Noord-Brabant,23191,50.05,458.5,13200,https://nl.wikipedia.org/wiki/Loon_op_Zand_(gemeente),https://nl.wikipedia.org/wiki/Bestand:Flag_of_Loon_op_Zand.svg,51.6275,5.0758333333333
194,Lopik (gemeente),Restaurant,Diner,Garden Center,Ice Cream Shop,Supermarket,2,Utrecht,14407,75.78,186.1,13300,https://nl.wikipedia.org/wiki/Lopik_(gemeente),https://nl.wikipedia.org/wiki/Bestand:Lopik_vlag.svg,51.972222222222,4.9463888888889
195,Loppersum (gemeente),French Restaurant,Clothing Store,Soccer Field,Hotel,Snack Place,3,Groningen,9676,111.02,90.8,12000,https://nl.wikipedia.org/wiki/Loppersum_(gemeente),https://nl.wikipedia.org/wiki/Bestand:Loppersum_vlag.svg,53.316666666667,6.7333333333333
196,Losser (gemeente),Supermarket,Furniture / Home Store,Bar,Golf Course,Gym,3,Overijssel,22568,98.95,227.2,12200,https://nl.wikipedia.org/wiki/Losser_(gemeente),https://nl.wikipedia.org/wiki/Bestand:Flag_of_Losser.svg,52.261666666667,7.0044444444444
197,Maasdriel,Supermarket,Restaurant,Bar,Chinese Restaurant,Hotel,4,Gelderland,24456,66.27,364.9,13300,https://nl.wikipedia.org/wiki/Maasdriel,https://nl.wikipedia.org/wiki/Bestand:Flag_of_Maasdriel.svg,51.766666666667,5.3333333333333
198,Maasgouw (gemeente),Restaurant,Supermarket,Bar,Hotel,Greek Restaurant,1,Limburg,23702,45.99,516.0,13200,https://nl.wikipedia.org/wiki/Maasgouw_(gemeente),https://nl.wikipedia.org/wiki/Bestand:Maasgouw_vlag.svg,51.15,5.8833333333333
199,Maassluis,Restaurant,Supermarket,Bakery,Café,Sandwich Place,4,Zuid-Holland,32593,8.6,3744.0,13500,https://nl.wikipedia.org/wiki/Maassluis,https://nl.wikipedia.org/wiki/Bestand:Maassluis_flag.svg,51.918888888889,4.2566666666667
200,Maastricht,Bar,Coffee Shop,Clothing Store,French Restaurant,Gastropub,6,Limburg,121773,56.8,2154.2,12500,https://nl.wikipedia.org/wiki/Maastricht,https://nl.wikipedia.org/wiki/Bestand:Flag_of_Maastricht.svg,50.849722222222,5.6930555555556
201,Marum (gemeente),Restaurant,Gym / Fitness Center,Baseball Field,Supermarket,Scenic Lookout,3,Groningen,10452,64.51,159.7,12200,https://nl.wikipedia.org/wiki/Marum_(gemeente),https://nl.wikipedia.org/wiki/Bestand:Flag_of_Marum.svg,53.133333333333,6.25
202,Medemblik (gemeente),Supermarket,Restaurant,Golf Course,French Restaurant,Harbor / Marina,3,Noord-Holland,44624,121.81,358.1,13400,https://nl.wikipedia.org/wiki/Medemblik_(gemeente),https://nl.wikipedia.org/wiki/Bestand:Flag_of_Medemblik.svg,52.743888888889,5.0613888888889
203,Meerssen (gemeente),Bar,Supermarket,Restaurant,Soccer Field,Trail,1,Limburg,18957,27.15,702.1,13700,https://nl.wikipedia.org/wiki/Meerssen_(gemeente),https://nl.wikipedia.org/wiki/Bestand:Meerssen_vlag.svg,50.885833333333,5.7519444444444
204,Meppel,Restaurant,Café,Italian Restaurant,Diner,Supermarket,5,Drenthe,33571,55.68,589.3,12800,https://nl.wikipedia.org/wiki/Meppel,https://nl.wikipedia.org/wiki/Bestand:Flag_of_Meppel.svg,52.7,6.1833333333333
205,Middelburg (gemeente),Restaurant,Café,Supermarket,Shopping Mall,Pool,2,Zeeland,48445,48.64,979.9,12900,https://nl.wikipedia.org/wiki/Middelburg_(gemeente),https://nl.wikipedia.org/wiki/Bestand:Middelburg_vlag.svg,51.5,3.6166666666667
206,Midden-Delfland,Supermarket,Gym,Soccer Field,Bakery,Restaurant,4,Zuid-Holland,19372,47.45,394.4,14200,https://nl.wikipedia.org/wiki/Midden-Delfland,https://nl.wikipedia.org/wiki/Bestand:Midden_Delfland_vlag.svg,51.962222222222,4.2997222222222
207,Midden-Drenthe,Restaurant,Café,Diner,Gym,River,2,Drenthe,33141,341.53,97.4,12400,https://nl.wikipedia.org/wiki/Midden-Drenthe,https://nl.wikipedia.org/wiki/Bestand:Flag_of_Midden-Drenthe.svg,52.85,6.5
208,Mill en Sint Hubert,Supermarket,Snack Place,Café,Diner,Bar,4,Noord-Brabant,10821,52.22,206.6,12000,https://nl.wikipedia.org/wiki/Mill_en_Sint_Hubert,https://nl.wikipedia.org/wiki/Bestand:Mill_en_Sint_Hubert_vlag.svg,51.680833333333,5.7952777777778
209,Moerdijk (gemeente),Restaurant,Supermarket,French Restaurant,Harbor / Marina,Café,2,Noord-Brabant,36933,159.1,231.0,13400,https://nl.wikipedia.org/wiki/Moerdijk_(gemeente),https://nl.wikipedia.org/wiki/Bestand:Flag_of_Moerdijk.svg,51.655,4.5325
210,Molenwaard,Restaurant,Furniture / Home Store,Park,Pool,Kids Store,3,Zuid-Holland,29291,118.58,244.5,12500,https://nl.wikipedia.org/wiki/Molenwaard,https://nl.wikipedia.org/wiki/Bestand:Molenwaard_vlag.svg,51.866666666667,4.7833333333333
211,Montferland (gemeente),Restaurant,French Restaurant,Diner,Café,Gym,3,Gelderland,35777,105.63,332.8,12500,https://nl.wikipedia.org/wiki/Montferland_(gemeente),https://nl.wikipedia.org/wiki/Bestand:Montferland_logo.svg,51.933333333333,6.15
212,Montfoort,Supermarket,Restaurant,Fast Food Restaurant,French Restaurant,Soccer Field,4,Utrecht,13992,37.75,363.1,13800,https://nl.wikipedia.org/wiki/Montfoort,https://nl.wikipedia.org/wiki/Bestand:Montfoort_vlag.svg,52.045,4.9508333333333
213,Mook en Middelaar,Restaurant,Supermarket,Café,Soccer Field,Diner,2,Limburg,7770,17.38,445.7,14800,https://nl.wikipedia.org/wiki/Mook_en_Middelaar,https://nl.wikipedia.org/wiki/Bestand:Mook_en_Middelaar_vlag.svg,51.7525,5.8816666666667
214,Neder-Betuwe (gemeente),Restaurant,Exhibit,Diner,Bar,Supermarket,2,Gelderland,23674,61.12,372.9,11600,https://nl.wikipedia.org/wiki/Neder-Betuwe_(gemeente),https://nl.wikipedia.org/wiki/Bestand:Neder-Betuwe_vlag_2014.svg,51.933333333333,5.6333333333333
215,Nederweert (gemeente),Bar,Restaurant,Ice Cream Shop,Café,Sushi Restaurant,1,Limburg,16953,100.28,167.3,12500,https://nl.wikipedia.org/wiki/Nederweert_(gemeente),https://nl.wikipedia.org/wiki/Bestand:Nederweert_flag.svg,51.282777777778,5.7472222222222
216,Neerijnen (gemeente),Restaurant,Campground,Hotel,Bar,Brewery,2,Gelderland,12381,66.03,182.6,13200,https://nl.wikipedia.org/wiki/Neerijnen_(gemeente),https://nl.wikipedia.org/wiki/Bestand:Neerijnen_vlag.svg,51.833333333333,5.2833333333333
217,Nieuwegein,Restaurant,Shopping Mall,Supermarket,Park,Fast Food Restaurant,4,Utrecht,62674,23.72,2583.5,14000,https://nl.wikipedia.org/wiki/Nieuwegein,https://nl.wikipedia.org/wiki/Bestand:Nieuwegein_flag.svg,52.031388888889,5.0919444444444
218,Nieuwkoop,Supermarket,Bar,Hockey Field,Diner,Café,4,Zuid-Holland,28432,91.18,298.8,14100,https://nl.wikipedia.org/wiki/Nieuwkoop,https://nl.wikipedia.org/wiki/Bestand:Flag_of_Nieuwkoop.svg,52.150277777778,4.7827777777778
219,Nijkerk (gemeente),Restaurant,Café,Hotel,Gym,Gym / Fitness Center,2,Gelderland,42544,69.51,588.5,13400,https://nl.wikipedia.org/wiki/Nijkerk_(gemeente),https://nl.wikipedia.org/wiki/Bestand:Nijkerk_vlag.svg,52.2,5.4833333333333
220,Nijmegen (hoofdbetekenis),Restaurant,Bar,Café,Grocery Store,Diner,1,Gelderland,176162,53.59,3189.8,12600,https://nl.wikipedia.org/wiki/Nijmegen_(hoofdbetekenis),https://nl.wikipedia.org/wiki/Bestand:Flag_of_Nijmegen.svg,51.833333333333,5.8666666666667
221,Noord-Beveland,Restaurant,Beach,Campground,French Restaurant,Resort,5,Zeeland,7281,86.08,86.0,13400,https://nl.wikipedia.org/wiki/Noord-Beveland,https://nl.wikipedia.org/wiki/Bestand:Noord-Beveland_vlag.svg,51.575277777778,3.7708333333333
222,Noordenveld (gemeente),Restaurant,Sauna / Steam Room,Hotel,Bakery,Garden,3,Drenthe,31353,201.22,154.7,13400,https://nl.wikipedia.org/wiki/Noordenveld_(gemeente),https://nl.wikipedia.org/wiki/Bestand:Flag_of_Noordenveld.svg,53.133333333333,6.4166666666667
223,Noordoostpolder,Snack Place,Hotel,Restaurant,Café,Golf Course,3,Flevoland,46589,460.05,101.0,11800,https://nl.wikipedia.org/wiki/Noordoostpolder,https://nl.wikipedia.org/wiki/Bestand:Noordoostpolder_vlag.svg,52.71,5.7052777777778
224,Noordwijk (Zuid-Holland),Restaurant,Beach,Café,Beach Bar,French Restaurant,5,Zuid-Holland,26112,35.41,722.8,15000,https://nl.wikipedia.org/wiki/Noordwijk_(Zuid-Holland),https://nl.wikipedia.org/wiki/Bestand:Noordwijk_vlag.svg,52.239444444444,4.4477777777778
225,Noordwijkerhout,Café,Restaurant,Italian Restaurant,Beach,Flower Shop,2,Zuid-Holland,16584,22.6,712.6,13800,https://nl.wikipedia.org/wiki/Noordwijkerhout,https://nl.wikipedia.org/wiki/Bestand:Noordwijkerhout_vlag.svg,52.259444444444,4.4919444444444
226,"Nuenen, Gerwen en Nederwetten",Park,Supermarket,Sandwich Place,Restaurant,Diner,4,Noord-Brabant,23060,33.88,666.0,15200,"https://nl.wikipedia.org/wiki/Nuenen,_Gerwen_en_Nederwetten",https://nl.wikipedia.org/wiki/Bestand:Flag_of_Nuenen.svg,51.486944444444,5.5258333333333
227,Nunspeet (gemeente),Restaurant,French Restaurant,Café,Hotel,Steakhouse,3,Gelderland,27179,128.73,207.7,12400,https://nl.wikipedia.org/wiki/Nunspeet_(gemeente),https://nl.wikipedia.org/wiki/Bestand:Nunspeet_vlag.svg,52.333333333333,5.7833333333333
228,Nuth (gemeente),Supermarket,Bar,Restaurant,Fast Food Restaurant,Italian Restaurant,1,Limburg,15195,33.15,467.2,13800,https://nl.wikipedia.org/wiki/Nuth_(gemeente),https://nl.wikipedia.org/wiki/Bestand:Nuth_vlag.svg,50.910833333333,5.8586111111111
229,Oegstgeest,Restaurant,Park,Supermarket,Café,Bar,4,Zuid-Holland,23958,7.21,3192.4,16800,https://nl.wikipedia.org/wiki/Oegstgeest,https://nl.wikipedia.org/wiki/Bestand:Oegstgeest_Netherlands.svg,52.183330555556,4.4736111111111
230,Oirschot (gemeente),Restaurant,Supermarket,Bar,Diner,Café,1,Noord-Brabant,18580,101.75,177.6,13400,https://nl.wikipedia.org/wiki/Oirschot_(gemeente),https://nl.wikipedia.org/wiki/Bestand:Oirschot_vlag.svg,51.504722222222,5.3127777777778
231,Oisterwijk (gemeente),Café,Restaurant,Supermarket,Breakfast Spot,Creperie,0,Noord-Brabant,26162,65.13,396.0,14300,https://nl.wikipedia.org/wiki/Oisterwijk_(gemeente),https://nl.wikipedia.org/wiki/Bestand:Flag_of_Oisterwijk.svg,51.583333333333,5.2
232,Oldambt (gemeente),Supermarket,Restaurant,Snack Place,Theater,Garden Center,3,Groningen,38033,163.7,168.0,,https://nl.wikipedia.org/wiki/Oldambt_(gemeente),https://nl.wikipedia.org/wiki/Bestand:Oldambt_vlag.svg,53.199452777778,7.0848083333333
233,Oldebroek (gemeente),Restaurant,Campground,Bar,Beach,Farm,3,Gelderland,23465,97.63,235.6,12000,https://nl.wikipedia.org/wiki/Oldebroek_(gemeente),https://nl.wikipedia.org/wiki/Bestand:Oldebroek_vlag.svg,52.466666666667,5.9166666666667
234,Oldenzaal,Shopping Mall,Bar,Chinese Restaurant,Café,Farm,3,Overijssel,31821,21.59,1484.3,12800,https://nl.wikipedia.org/wiki/Oldenzaal,https://nl.wikipedia.org/wiki/Bestand:Flag_of_Oldenzaal.svg,52.3,6.9166666666667
235,Olst-Wijhe,Restaurant,Diner,Trail,Café,Chinese Restaurant,3,Overijssel,18002,114.16,156.4,12600,https://nl.wikipedia.org/wiki/Olst-Wijhe,https://nl.wikipedia.org/wiki/Bestand:Olst-Wijhe_vlag.svg,52.333333333333,6.1
236,Ommen (gemeente),Restaurant,Campground,Café,Soccer Field,Ice Cream Shop,2,Overijssel,17686,179.99,97.2,12900,https://nl.wikipedia.org/wiki/Ommen_(gemeente),https://nl.wikipedia.org/wiki/Bestand:Flag_of_Ommen.svg,52.516666666667,6.4166666666667
237,Onderbanken,Supermarket,Restaurant,Pizza Place,Grocery Store,Trail,4,Limburg,7775,21.18,371.3,12000,https://nl.wikipedia.org/wiki/Onderbanken,https://nl.wikipedia.org/wiki/Bestand:Onderbanken_vlag.svg,50.968055555556,5.9719444444444
238,Oost Gelre,Restaurant,Supermarket,Bar,Campground,Soccer Field,2,Gelderland,29655,83.07,355.2,12300,https://nl.wikipedia.org/wiki/Oost_Gelre,https://nl.wikipedia.org/wiki/Bestand:Oost_Gelre_vlag.svg,51.983333333333,6.5833333333333
239,Oosterhout (gemeente),Golf Course,Restaurant,Tapas Restaurant,Café,Pool,3,Noord-Brabant,55286,71.59,750.2,13600,https://nl.wikipedia.org/wiki/Oosterhout_(gemeente),https://nl.wikipedia.org/wiki/Bestand:Flag_of_Oosterhout.svg,51.643333333333,4.8566666666667
240,Ooststellingwerf,Restaurant,History Museum,Breakfast Spot,Soccer Field,Fast Food Restaurant,3,Friesland,25419,224.38,114.2,11900,https://nl.wikipedia.org/wiki/Ooststellingwerf,https://nl.wikipedia.org/wiki/Bestand:Ooststellingwerf_flag.svg,52.9875,6.2913888888889
241,Oostzaan,Restaurant,Park,Café,Ice Cream Shop,Bar,2,Noord-Holland,9748,11.49,805.9,14200,https://nl.wikipedia.org/wiki/Oostzaan,https://nl.wikipedia.org/wiki/Bestand:Oostzaan_vlag.svg,52.440555555556,4.8788888888889
242,Opmeer,Supermarket,Gym,Restaurant,Bookstore,Spanish Restaurant,3,Noord-Holland,11570,41.66,270.9,13100,https://nl.wikipedia.org/wiki/Opmeer,https://nl.wikipedia.org/wiki/Bestand:Opmeer_vlag.svg,52.703333333333,4.9444444444444
243,Opsterland,Restaurant,Soccer Field,Supermarket,Bakery,Athletics & Sports,3,Friesland,29735,225.07,132.5,12500,https://nl.wikipedia.org/wiki/Opsterland,https://nl.wikipedia.org/wiki/Bestand:Flag_of_Opsterland.svg,53.003611111111,6.0663888888889
244,Oss (gemeente),Diner,Restaurant,Park,Tea Room,Coffee Shop,3,Noord-Brabant,91057,152.5,589.5,13000,https://nl.wikipedia.org/wiki/Oss_(gemeente),https://nl.wikipedia.org/wiki/Bestand:Flag_of_Oss.svg,51.765288888889,5.5233777777778
245,Oud-Beijerland,Restaurant,Supermarket,Shopping Mall,Café,Clothing Store,2,Zuid-Holland,24295,18.76,1263.0,13700,https://nl.wikipedia.org/wiki/Oud-Beijerland,https://nl.wikipedia.org/wiki/Bestand:Flag_of_Oud-Beijerland.svg,51.812436111111,4.4075777777778
246,Oude IJsselstreek,Supermarket,Restaurant,Snack Place,Café,Soccer Field,3,Gelderland,39527,136.47,289.5,12100,https://nl.wikipedia.org/wiki/Oude_IJsselstreek,https://nl.wikipedia.org/wiki/Bestand:Oude_IJsselstreek_vlag.svg,51.866666666667,6.3833333333333
247,Ouder-Amstel,Restaurant,Golf Course,Sporting Goods Shop,Hockey Field,Supermarket,2,Noord-Holland,13636,24.12,551.8,16300,https://nl.wikipedia.org/wiki/Ouder-Amstel,https://nl.wikipedia.org/wiki/Bestand:Ouder-Amstel_flag.svg,52.290555555556,4.9116666666667
248,Oudewater,Restaurant,Supermarket,Fast Food Restaurant,Park,Sandwich Place,4,Utrecht,10201,39.34,252.3,14300,https://nl.wikipedia.org/wiki/Oudewater,https://nl.wikipedia.org/wiki/Bestand:Flag_of_Oudewater.svg,52.026666666667,4.8686111111111
249,Overbetuwe,Supermarket,Restaurant,Garden Center,Multiplex,Gym / Fitness Center,4,Gelderland,47469,109.59,427.4,13000,https://nl.wikipedia.org/wiki/Overbetuwe,https://nl.wikipedia.org/wiki/Bestand:Flag_of_Overbetuwe.svg,51.916666666667,5.85
250,Papendrecht,Restaurant,Café,Ice Cream Shop,Park,Theater,0,Zuid-Holland,32306,9.47,3394.0,13600,https://nl.wikipedia.org/wiki/Papendrecht,https://nl.wikipedia.org/wiki/Bestand:Flag_of_Papendrecht.svg,51.829444444444,4.6891666666667
251,Peel en Maas,Bar,Diner,Campground,Hotel,Movie Theater,3,Limburg,43331,161.3,269.3,,https://nl.wikipedia.org/wiki/Peel_en_Maas,https://nl.wikipedia.org/wiki/Bestand:Peel_en_Maas_vlag.svg,51.34005,6.0108944444444
252,Pekela,Supermarket,Restaurant,Shopping Mall,Asian Restaurant,Garden Center,3,Groningen,12229,49.12,258.1,11100,https://nl.wikipedia.org/wiki/Pekela,https://nl.wikipedia.org/wiki/Bestand:Pekela_vlag.svg,53.1,7.0
253,Pijnacker-Nootdorp,Restaurant,Shopping Mall,Soccer Field,Supermarket,Farm,4,Zuid-Holland,53830,37.65,1365.2,14300,https://nl.wikipedia.org/wiki/Pijnacker-Nootdorp,https://nl.wikipedia.org/wiki/Bestand:Pijnacker-Nootdorp_vlag.svg,52.031666666667,4.415
254,Purmerend,Shopping Mall,Restaurant,Supermarket,Café,Park,4,Noord-Holland,79851,23.74,3357.2,13200,https://nl.wikipedia.org/wiki/Purmerend,https://nl.wikipedia.org/wiki/Bestand:Flag_of_Purmerend.svg,52.505,4.9641666666667
255,Putten (gemeente),Restaurant,Hotel,Fast Food Restaurant,Diner,Pool,2,Gelderland,24271,85.03,288.1,13000,https://nl.wikipedia.org/wiki/Putten_(gemeente),https://nl.wikipedia.org/wiki/Bestand:Putten_vlag.svg,52.233333333333,5.5833333333333
256,Raalte (gemeente),Restaurant,Campground,Café,Resort,Fast Food Restaurant,3,Overijssel,37264,171.28,213.4,12500,https://nl.wikipedia.org/wiki/Raalte_(gemeente),https://nl.wikipedia.org/wiki/Bestand:Raalte_vlag.svg,52.4,6.2833333333333
257,Reimerswaal (gemeente),Seafood Restaurant,Restaurant,Beach,Harbor / Marina,Bar,3,Zeeland,22603,102.23,215.8,11800,https://nl.wikipedia.org/wiki/Reimerswaal_(gemeente),https://nl.wikipedia.org/wiki/Bestand:Flag_of_Reimerswaal.svg,51.433333333333,4.1166666666667
258,Renkum (gemeente),Restaurant,Soccer Field,Hotel,Café,Golf Course,2,Gelderland,31238,46.02,680.7,15300,https://nl.wikipedia.org/wiki/Renkum_(gemeente),https://nl.wikipedia.org/wiki/Bestand:Flag_of_Renkum.svg,51.986572222222,5.7911694444444
259,Renswoude,Restaurant,Café,Fast Food Restaurant,Soccer Field,Gym,2,Utrecht,5209,18.43,271.4,12300,https://nl.wikipedia.org/wiki/Renswoude,https://nl.wikipedia.org/wiki/Bestand:Flag_of_Renswoude.svg,52.073888888889,5.5405555555556
260,Reusel-De Mierden,Campground,Restaurant,Friterie,Café,Pool,3,Noord-Brabant,13011,77.93,163.8,13000,https://nl.wikipedia.org/wiki/Reusel-De_Mierden,https://nl.wikipedia.org/wiki/Bestand:Reusel-De_Mierden_vlag.svg,51.361666666667,5.1630555555556
261,Rheden (gemeente),French Restaurant,Restaurant,Supermarket,Diner,Hotel,4,Gelderland,43455,81.79,532.3,13900,https://nl.wikipedia.org/wiki/Rheden_(gemeente),https://nl.wikipedia.org/wiki/Bestand:Flag_of_Rheden.svg,52.0,6.0333333333333
262,Rhenen,Restaurant,Exhibit,Diner,Supermarket,Ice Cream Shop,2,Utrecht,19871,42.07,458.4,13400,https://nl.wikipedia.org/wiki/Rhenen,https://nl.wikipedia.org/wiki/Bestand:Flag_of_Rhenen.svg,51.959722222222,5.5688888888889
263,Ridderkerk,Restaurant,Gym,Soccer Field,Furniture / Home Store,Supermarket,3,Zuid-Holland,46071,23.75,1896.8,13700,https://nl.wikipedia.org/wiki/Ridderkerk,https://nl.wikipedia.org/wiki/Bestand:Ridderkerk_Netherlands.svg,51.87,4.6005555555556
264,Rijssen-Holten,Restaurant,Hotel,Diner,Ice Cream Shop,Resort,3,Overijssel,38108,94.18,401.9,11800,https://nl.wikipedia.org/wiki/Rijssen-Holten,https://nl.wikipedia.org/wiki/Bestand:Vlag_ontbreekt.svg,52.3,6.5166666666667
265,Rijswijk (Zuid-Holland),Supermarket,Restaurant,Park,Gym,Turkish Restaurant,4,Zuid-Holland,52597,14.05,3443.6,15200,https://nl.wikipedia.org/wiki/Rijswijk_(Zuid-Holland),https://nl.wikipedia.org/wiki/Bestand:Flag_of_Rijswijk.svg,52.045555555556,4.33
266,Roerdalen,Clothing Store,Gastropub,Boutique,Restaurant,Supermarket,6,Limburg,20699,88.16,235.1,12900,https://nl.wikipedia.org/wiki/Roerdalen,https://nl.wikipedia.org/wiki/Bestand:Flag_of_Roerdalen.svg,51.153055555556,6.0791666666667
267,Roermond (gemeente),Clothing Store,Bar,Boutique,Supermarket,Gastropub,6,Limburg,57972,61.02,934.1,12500,https://nl.wikipedia.org/wiki/Roermond_(gemeente),https://nl.wikipedia.org/wiki/Bestand:Roermond_vlag.svg,51.2,5.9833333333333
268,Roosendaal (gemeente),Bar,Restaurant,Supermarket,Café,Sporting Goods Shop,1,Noord-Brabant,76964,106.43,722.3,12800,https://nl.wikipedia.org/wiki/Roosendaal_(gemeente),https://nl.wikipedia.org/wiki/Bestand:Roosendaal_vlag.svg,51.531388888889,4.4555555555556
269,Rotterdam (gemeente),Shopping Mall,Café,Supermarket,Restaurant,Snack Place,4,Zuid-Holland,641326,206.44,3029.8,12500,https://nl.wikipedia.org/wiki/Rotterdam_(gemeente),https://nl.wikipedia.org/wiki/Bestand:Flag_of_Rotterdam.svg,51.884119444444,4.2901611111111
270,Rozendaal,Supermarket,French Restaurant,Restaurant,Park,History Museum,4,Gelderland,1611,27.92,53.88,19000,https://nl.wikipedia.org/wiki/Rozendaal,https://nl.wikipedia.org/wiki/Bestand:Rozendaal_vlag.svg,52.0,5.9666666666667
271,Rucphen (gemeente),Restaurant,Supermarket,Café,Bar,Asian Restaurant,2,Noord-Brabant,22475,64.44,344.5,13000,https://nl.wikipedia.org/wiki/Rucphen_(gemeente),https://nl.wikipedia.org/wiki/Bestand:Flag_of_Rucphen.svg,51.531944444444,4.5597222222222
272,Saba,Restaurant,French Restaurant,Harbor / Marina,Zoo Exhibit,Fish & Chips Shop,3,Geen,2000,13.0,153.8,,https://nl.wikipedia.org/wiki/Saba,https://nl.wikipedia.org/wiki/Bestand:Flag_of_Saba.svg,17.630555555556,-63.234722222222
273,Schagen (gemeente),Restaurant,Beach,Campground,Playground,Beach Bar,5,Noord-Holland,46532,168.05,274.1,13345,https://nl.wikipedia.org/wiki/Schagen_(gemeente),https://nl.wikipedia.org/wiki/Bestand:Flag_of_Schagen.svg,52.787197222222,4.7587111111111
274,Scherpenzeel (Gelderland),Restaurant,Café,Park,Campground,Fast Food Restaurant,2,Gelderland,9769,13.81,689.0,12800,https://nl.wikipedia.org/wiki/Scherpenzeel_(Gelderland),https://nl.wikipedia.org/wiki/Bestand:Flag_of_Scherpenzeel.svg,52.066666666667,5.4833333333333
275,Schiedam,Soccer Field,Diner,Park,Fast Food Restaurant,Museum,3,Zuid-Holland,77868,18.13,4239.3,12600,https://nl.wikipedia.org/wiki/Schiedam,https://nl.wikipedia.org/wiki/Bestand:Flag_of_Schiedam.svg,51.918055555556,4.3972222222222
276,Schiermonnikoog,Restaurant,Beach,Campground,Hotel,Café,3,Friesland,937,40.54,22.7,14200,https://nl.wikipedia.org/wiki/Schiermonnikoog,https://nl.wikipedia.org/wiki/Bestand:Flag_of_Schiermonnikoog.svg,53.489166666667,6.2022222222222
277,Schinnen (gemeente),Supermarket,Fast Food Restaurant,Bar,Restaurant,Grocery Store,4,Limburg,12867,24.08,537.4,13200,https://nl.wikipedia.org/wiki/Schinnen_(gemeente),https://nl.wikipedia.org/wiki/Bestand:Schinnen_vlag.svg,50.942777777778,5.8894444444444
278,Schouwen-Duiveland,Restaurant,Seafood Restaurant,Harbor / Marina,Diner,Beach,2,Zeeland,33736,231.07,146.0,13500,https://nl.wikipedia.org/wiki/Schouwen-Duiveland,https://nl.wikipedia.org/wiki/Bestand:Schouwen-Duiveland_vlag.svg,51.665277777778,3.8841666666667
279,Simpelveld (gemeente),Restaurant,Playground,Beer Garden,Supermarket,Italian Restaurant,2,Limburg,10537,16.03,674.9,12600,https://nl.wikipedia.org/wiki/Simpelveld_(gemeente),https://nl.wikipedia.org/wiki/Bestand:Simpelveld_vlag.svg,50.835,5.9822222222222
280,Sint Anthonis (gemeente),Restaurant,History Museum,Ice Cream Shop,Museum,Campground,3,Noord-Brabant,11585,99.32,116.7,13000,https://nl.wikipedia.org/wiki/Sint_Anthonis_(gemeente),https://nl.wikipedia.org/wiki/Bestand:Sint_Anthonis_Netherlands.svg,51.625833333333,5.8811111111111
281,Sint Eustatius,Restaurant,Beach,Hotel,Fishing Spot,Exhibit,3,Geen,3300,21.0,157.1,,https://nl.wikipedia.org/wiki/Sint_Eustatius,https://nl.wikipedia.org/wiki/Bestand:Flag_of_Sint_Eustatius.svg,17.490277777778,-62.976666666667
282,Sint-Michielsgestel (gemeente),Restaurant,Park,Supermarket,Lake,Music Venue,2,Noord-Brabant,28781,58.97,480.9,13800,https://nl.wikipedia.org/wiki/Sint-Michielsgestel_(gemeente),https://nl.wikipedia.org/wiki/Bestand:Flag_of_Sint-Michielsgestel.svg,51.643333333333,5.3586111111111
283,Sittard-Geleen,Restaurant,Bar,Supermarket,Ice Cream Shop,Gym,1,Limburg,92758,79.09,1183.8,12800,https://nl.wikipedia.org/wiki/Sittard-Geleen,https://nl.wikipedia.org/wiki/Bestand:Vlag_ontbreekt.svg,51.0,5.85
284,Sliedrecht,Restaurant,Park,Furniture / Home Store,Shopping Mall,Gym,3,Zuid-Holland,25077,12.78,1939.8,12700,https://nl.wikipedia.org/wiki/Sliedrecht,https://nl.wikipedia.org/wiki/Bestand:Flag_of_Sliedrecht.svg,51.822222222222,4.7744444444444
285,Sluis (gemeente),Restaurant,Beach,French Restaurant,Beach Bar,Diner,5,Zeeland,23525,280.27,84.7,13200,https://nl.wikipedia.org/wiki/Sluis_(gemeente),https://nl.wikipedia.org/wiki/Bestand:Sluis_vlag.svg,51.328888888889,3.5016666666667
286,Smallingerland,Restaurant,Multiplex,Shopping Mall,Theater,Golf Course,3,Friesland,55927,118.48,468.8,12200,https://nl.wikipedia.org/wiki/Smallingerland,https://nl.wikipedia.org/wiki/Bestand:Smallingerland_flag.svg,53.108333333333,6.0983333333333
287,Soest (Nederland),Restaurant,Café,French Restaurant,Supermarket,Pool,2,Utrecht,46047,46.26,980.9,14800,https://nl.wikipedia.org/wiki/Soest_(Nederland),https://nl.wikipedia.org/wiki/Bestand:Soest_flag.svg,52.176388888889,5.2902777777778
288,Someren (gemeente),Restaurant,Golf Course,Gym,Dog Run,Snack Place,3,Noord-Brabant,19227,80.06,233.6,12500,https://nl.wikipedia.org/wiki/Someren_(gemeente),https://nl.wikipedia.org/wiki/Bestand:Someren_vlag.svg,51.384722222222,5.7119444444444
289,Son en Breugel,Supermarket,Diner,Playground,Café,Ice Cream Shop,4,Noord-Brabant,16739,25.93,630.5,14900,https://nl.wikipedia.org/wiki/Son_en_Breugel,https://nl.wikipedia.org/wiki/Bestand:Flag_of_Son_en_Breugel.svg,51.515833333333,5.5022222222222
290,Stadskanaal (gemeente),Supermarket,Shopping Plaza,Café,Movie Theater,Theater,3,Groningen,32109,117.85,277.4,11500,https://nl.wikipedia.org/wiki/Stadskanaal_(gemeente),https://nl.wikipedia.org/wiki/Bestand:Flag_of_Stadskanaal.svg,52.983333333333,6.95
291,Staphorst (gemeente),Restaurant,Café,French Restaurant,Hotel,Supermarket,2,Overijssel,16850,134.29,122.2,11400,https://nl.wikipedia.org/wiki/Staphorst_(gemeente),https://nl.wikipedia.org/wiki/Bestand:Staphorst_vlag.svg,52.633333333333,6.2
292,Stede Broec,French Restaurant,Café,Diner,Bar,Restaurant,3,Noord-Holland,21659,14.77,1456.6,12600,https://nl.wikipedia.org/wiki/Stede_Broec,https://nl.wikipedia.org/wiki/Bestand:Stede-Broec_vlag.svg,52.700555555556,5.2252777777778
293,Steenbergen (gemeente),Restaurant,Café,Gastropub,Sandwich Place,Food Court,3,Noord-Brabant,25387,146.61,160.8,13300,https://nl.wikipedia.org/wiki/Steenbergen_(gemeente),https://nl.wikipedia.org/wiki/Bestand:Flag_of_Steenbergen.svg,51.591577777778,4.3128194444444
294,Steenwijkerland,Restaurant,Café,Diner,Italian Restaurant,Nature Preserve,2,Overijssel,43722,291.12,148.2,12100,https://nl.wikipedia.org/wiki/Steenwijkerland,https://nl.wikipedia.org/wiki/Bestand:Steenwijkerland_vlag.svg,52.783333333333,6.1166666666667
295,Stein (gemeente),Bar,Italian Restaurant,Supermarket,Fast Food Restaurant,Gym / Fitness Center,1,Limburg,24988,21.21,1184.7,13000,https://nl.wikipedia.org/wiki/Stein_(gemeente),https://nl.wikipedia.org/wiki/Bestand:Flag_of_Stein.svg,50.967902777778,5.7652083333333
296,Stichtse Vecht,Restaurant,French Restaurant,Diner,Lake,Greek Restaurant,2,Utrecht,64376,106.83,597.6,14790,https://nl.wikipedia.org/wiki/Stichtse_Vecht,https://nl.wikipedia.org/wiki/Bestand:Stichtse_Vecht_vlag.svg,52.161086111111,5.0107944444444
297,Strijen,Restaurant,Hotel,Diner,Playground,Athletics & Sports,3,Zuid-Holland,8812,51.23,170.2,13800,https://nl.wikipedia.org/wiki/Strijen,https://nl.wikipedia.org/wiki/Bestand:Flag_of_Strijen.svg,51.742222222222,4.5513888888889
298,Súdwest-Fryslân,Restaurant,Café,Hotel,Seafood Restaurant,Supermarket,2,Friesland,89666,578.0,194.3,,https://nl.wikipedia.org/wiki/S%C3%BAdwest-Frysl%C3%A2n,https://nl.wikipedia.org/wiki/Bestand:S%C3%BAdwest-Frysl%C3%A2n_vlag.svg,53.0,5.5444444444444
299,Ten Boer,Soccer Field,Restaurant,Snack Place,Gym,Scandinavian Restaurant,3,Groningen,7275,45.25,164.8,12100,https://nl.wikipedia.org/wiki/Ten_Boer,https://nl.wikipedia.org/wiki/Bestand:Flag_of_Ten_Boer.svg,53.266666666667,6.6833333333333
300,Terneuzen (gemeente),Restaurant,Pool,Pub,Bar,Seafood Restaurant,2,Zeeland,54505,251.44,217.1,13100,https://nl.wikipedia.org/wiki/Terneuzen_(gemeente),https://nl.wikipedia.org/wiki/Bestand:Terneuzen_vlag.svg,51.293055555556,3.8344444444444
301,Terschelling,Restaurant,Café,Bar,Supermarket,Seafood Restaurant,2,Friesland,4888,88.1,54.3,13400,https://nl.wikipedia.org/wiki/Terschelling,https://nl.wikipedia.org/wiki/Bestand:Flag_of_Terschelling.svg,53.401111111111,5.3313888888889
302,Texel,Restaurant,Café,Bar,Beach,Supermarket,5,Noord-Holland,13645,161.96,84.0,12400,https://nl.wikipedia.org/wiki/Texel,https://nl.wikipedia.org/wiki/Bestand:Texel_flag.svg,53.085930555556,4.8139361111111
303,Teylingen (gemeente),Supermarket,Restaurant,Harbor / Marina,Café,French Restaurant,4,Zuid-Holland,36691,28.65,1244.4,14800,https://nl.wikipedia.org/wiki/Teylingen_(gemeente),https://nl.wikipedia.org/wiki/Bestand:Teylingen_vlag.svg,52.215,4.5102777777778
304,Tholen (gemeente),Beach,Dive Spot,Harbor / Marina,Bar,Canal Lock,3,Zeeland,25688,147.81,171.9,11900,https://nl.wikipedia.org/wiki/Tholen_(gemeente),https://nl.wikipedia.org/wiki/Bestand:Flag_of_Tholen.svg,51.584722222222,4.1211111111111
305,Tiel,Restaurant,Supermarket,Diner,Bakery,Ice Cream Shop,2,Gelderland,41840,32.31,1285.6,12300,https://nl.wikipedia.org/wiki/Tiel,https://nl.wikipedia.org/wiki/Bestand:Flag_of_Tiel.svg,51.883333333333,5.4333333333333
306,Tietjerksteradeel,Restaurant,Shoe Store,Playground,Hotel,Garden Center,3,Friesland,31740,149.67,213.5,12500,https://nl.wikipedia.org/wiki/Tietjerksteradeel,https://nl.wikipedia.org/wiki/Bestand:Tytsjerksteradiel_flag.svg,53.192047222222,5.9896083333333
307,Tilburg (gemeente),Coffee Shop,Gym / Fitness Center,Restaurant,Theater,Shopping Mall,4,Noord-Brabant,215946,116.69,1814.4,12500,https://nl.wikipedia.org/wiki/Tilburg_(gemeente),https://nl.wikipedia.org/wiki/Bestand:Flag_of_Tilburg.svg,51.57,5.07
308,Tubbergen (gemeente),Café,Restaurant,Supermarket,Gym,Diner,4,Overijssel,21191,146.98,143.5,12000,https://nl.wikipedia.org/wiki/Tubbergen_(gemeente),https://nl.wikipedia.org/wiki/Bestand:Tubbergen_vlag.svg,52.4,6.7666666666667
309,Twenterand,Supermarket,Pizza Place,Dutch Restaurant,Chinese Restaurant,Gym,3,Overijssel,33807,106.31,318.9,11400,https://nl.wikipedia.org/wiki/Twenterand,https://nl.wikipedia.org/wiki/Bestand:Flag_of_Twenterand.svg,52.4,6.6166666666667
310,Tynaarlo (gemeente),Restaurant,Shopping Mall,Supermarket,Plaza,Snack Place,4,Drenthe,33532,143.73,226.5,14000,https://nl.wikipedia.org/wiki/Tynaarlo_(gemeente),https://nl.wikipedia.org/wiki/Bestand:Flag_of_Tynaarlo.svg,53.066666666667,6.5666666666667
311,Uden (gemeente),Supermarket,Café,Restaurant,Bar,Clothing Store,4,Noord-Brabant,41748,67.13,612.9,13100,https://nl.wikipedia.org/wiki/Uden_(gemeente),https://nl.wikipedia.org/wiki/Bestand:Flag_of_Uden.svg,51.662761111111,5.6181333333333
312,Uitgeest,Supermarket,Café,Diner,Gym,Bistro,4,Noord-Holland,13508,19.18,695.8,13900,https://nl.wikipedia.org/wiki/Uitgeest,https://nl.wikipedia.org/wiki/Bestand:Uitgeest_vlag.svg,52.529166666667,4.7102777777778
313,Uithoorn,Supermarket,Gym / Fitness Center,Restaurant,Café,Furniture / Home Store,4,Noord-Holland,29431,18.3,1572.2,14700,https://nl.wikipedia.org/wiki/Uithoorn,https://nl.wikipedia.org/wiki/Bestand:Uithoorn_vlag.svg,52.242222222222,4.825
314,Urk,Restaurant,Café,Chinese Restaurant,Golf Course,Lighthouse,3,Flevoland,20652,11.54,1715.1,9400,https://nl.wikipedia.org/wiki/Urk,https://nl.wikipedia.org/wiki/Bestand:Urk_vlag.svg,52.661666666667,5.6
315,Utrecht (stad),Restaurant,Bar,Coffee Shop,French Restaurant,Seafood Restaurant,0,Utrecht,349234,95.67,3502.6,13600,https://nl.wikipedia.org/wiki/Utrecht_(stad),https://nl.wikipedia.org/wiki/Bestand:Flag_of_Utrecht.svg,52.088888888889,5.1155555555556
316,Utrechtse Heuvelrug (gemeente),Restaurant,Café,Fast Food Restaurant,Campground,Ice Cream Shop,2,Utrecht,49449,132.38,363.9,15900,https://nl.wikipedia.org/wiki/Utrechtse_Heuvelrug_(gemeente),https://nl.wikipedia.org/wiki/Bestand:Utrechtse_Heuvelrug_vlag.svg,52.042222222222,5.4505555555556
317,Vaals (gemeente),Café,Italian Restaurant,Restaurant,Bar,German Restaurant,0,Limburg,9850,23.89,403.5,11700,https://nl.wikipedia.org/wiki/Vaals_(gemeente),https://nl.wikipedia.org/wiki/Bestand:Vaals_vlag.svg,50.772777777778,6.0180555555556
318,Valkenburg aan de Geul,Restaurant,Supermarket,Bar,Café,Hotel,1,Limburg,16427,36.73,450.7,13300,https://nl.wikipedia.org/wiki/Valkenburg_aan_de_Geul,https://nl.wikipedia.org/wiki/Bestand:Valkenburg_ad_Geul_vlag.svg,50.864444444444,5.8305555555556
319,Valkenswaard (gemeente),Restaurant,Bar,Supermarket,Gym / Fitness Center,Plaza,1,Noord-Brabant,30745,55.01,549.6,13500,https://nl.wikipedia.org/wiki/Valkenswaard_(gemeente),https://nl.wikipedia.org/wiki/Bestand:Flag_of_Valkenswaard.svg,51.35,5.4591666666667
320,Veendam (gemeente),Shopping Mall,Restaurant,Golf Course,Hockey Field,Supermarket,3,Groningen,27496,76.24,361.7,12000,https://nl.wikipedia.org/wiki/Veendam_(gemeente),https://nl.wikipedia.org/wiki/Bestand:Veendam_vlag.svg,53.1,6.8666666666667
321,Veenendaal,Restaurant,Fast Food Restaurant,Gym,Ice Cream Shop,Soccer Field,3,Utrecht,65200,19.61,3235.9,12500,https://nl.wikipedia.org/wiki/Veenendaal,https://nl.wikipedia.org/wiki/Bestand:Veenendaal_Netherlands.svg,52.025,5.555
322,Veere (gemeente),Restaurant,Café,Beach,Gastropub,Bar,5,Zeeland,21823,132.94,164.7,13000,https://nl.wikipedia.org/wiki/Veere_(gemeente),https://nl.wikipedia.org/wiki/Bestand:Veere_vlag.svg,51.546944444444,3.5402777777778
323,Veldhoven (hoofdbetekenis),Restaurant,Shopping Mall,Supermarket,Golf Course,Soccer Field,4,Noord-Brabant,44984,31.72,1392.7,13600,https://nl.wikipedia.org/wiki/Veldhoven_(hoofdbetekenis),https://nl.wikipedia.org/wiki/Bestand:Veldhoven_vlag.svg,51.419722222222,5.3991666666667
324,Velsen,Restaurant,Seafood Restaurant,Café,French Restaurant,Museum,4,Noord-Holland,67988,44.42,1510.9,13800,https://nl.wikipedia.org/wiki/Velsen,https://nl.wikipedia.org/wiki/Bestand:Velsen_vlag.svg,52.460277777778,4.6161111111111
325,Venlo (gemeente),Bar,Restaurant,Supermarket,Plaza,Shopping Mall,1,Limburg,101155,124.34,808.0,12300,https://nl.wikipedia.org/wiki/Venlo_(gemeente),https://nl.wikipedia.org/wiki/Bestand:Venlo_vlag.svg,51.368611111111,6.1711111111111
326,Venray (gemeente),Café,Bar,Supermarket,Restaurant,Shopping Mall,1,Limburg,43263,145.7,296.7,12700,https://nl.wikipedia.org/wiki/Venray_(gemeente),https://nl.wikipedia.org/wiki/Bestand:Venray_vlag.svg,51.525833333333,5.9747222222222
327,Vianen (Utrecht),Restaurant,Shopping Mall,Hotel,Coffee Shop,Supermarket,4,Utrecht,20142,39.47,497.9,13900,https://nl.wikipedia.org/wiki/Vianen_(Utrecht),https://nl.wikipedia.org/wiki/Bestand:Vianen_vlag.svg,52.0,5.1005555555556
328,Vlaardingen,Supermarket,Shopping Mall,Fast Food Restaurant,Café,Harbor / Marina,4,Zuid-Holland,72306,23.76,3018.5,13200,https://nl.wikipedia.org/wiki/Vlaardingen,https://nl.wikipedia.org/wiki/Bestand:Vlaardingen_flag.svg,51.9,4.3333333333333
329,Vlieland (hoofdbetekenis),Restaurant,Campground,Seafood Restaurant,Lighthouse,Fish & Chips Shop,3,Friesland,1149,40.01,27.2,13300,https://nl.wikipedia.org/wiki/Vlieland_(hoofdbetekenis),https://nl.wikipedia.org/wiki/Bestand:Flag_of_Vlieland.svg,53.258333333333,4.9558333333333
330,Vlissingen,Restaurant,Beach,Café,Supermarket,Bar,5,Zeeland,44465,34.14,1301.7,12600,https://nl.wikipedia.org/wiki/Vlissingen,https://nl.wikipedia.org/wiki/Bestand:Vlissingen_vlag.svg,51.45,3.5833333333333
331,Voerendaal (gemeente),Restaurant,Supermarket,Sandwich Place,Electronics Store,Furniture / Home Store,2,Limburg,12468,31.54,393.5,13900,https://nl.wikipedia.org/wiki/Voerendaal_(gemeente),https://nl.wikipedia.org/wiki/Bestand:Voerendaal_vlag.svg,50.883333333333,5.9166666666667
332,Voorschoten,Supermarket,Restaurant,Park,Garden Center,Lake,4,Zuid-Holland,25494,11.21,2243.5,16100,https://nl.wikipedia.org/wiki/Voorschoten,https://nl.wikipedia.org/wiki/Bestand:Flag_of_Voorschoten.svg,52.125555555556,4.4436111111111
333,Voorst (gemeente),Restaurant,Diner,Bar,Ice Cream Shop,Bagel Shop,2,Gelderland,24274,123.11,194.0,13200,https://nl.wikipedia.org/wiki/Voorst_(gemeente),https://nl.wikipedia.org/wiki/Bestand:Flag_of_Voorst.svg,52.233333333333,6.0833333333333
334,Vught (gemeente),Restaurant,Park,Café,Bar,History Museum,2,Noord-Brabant,26413,33.5,771.6,15100,https://nl.wikipedia.org/wiki/Vught_(gemeente),https://nl.wikipedia.org/wiki/Bestand:Vught_gemeentevlag.svg,51.655833333333,5.2936111111111
335,Waalre (gemeente),Restaurant,Bar,Gym / Fitness Center,Golf Course,Supermarket,2,Noord-Brabant,17125,22.44,752.6,16100,https://nl.wikipedia.org/wiki/Waalre_(gemeente),https://nl.wikipedia.org/wiki/Bestand:Waalre_vlag.svg,51.386666666667,5.4455555555556
336,Waalwijk (gemeente),Restaurant,Furniture / Home Store,Diner,Supermarket,Café,2,Noord-Brabant,47892,64.69,722.3,13200,https://nl.wikipedia.org/wiki/Waalwijk_(gemeente),https://nl.wikipedia.org/wiki/Bestand:Waalwijk_vlag.svg,51.6825,5.0694444444444
337,Waddinxveen,Supermarket,Shopping Mall,Garden Center,Playground,Fast Food Restaurant,4,Zuid-Holland,27828,27.87,924.7,14000,https://nl.wikipedia.org/wiki/Waddinxveen,https://nl.wikipedia.org/wiki/Bestand:Vlag_waddinxveen.svg,52.046944444444,4.6458333333333
338,Wageningen (Nederland),Exhibit,Restaurant,Bar,Soccer Field,Supermarket,2,Gelderland,38282,30.53,1231.6,12100,https://nl.wikipedia.org/wiki/Wageningen_(Nederland),https://nl.wikipedia.org/wiki/Bestand:Wageningen_vlag.svg,51.966666666667,5.6666666666667
339,Wassenaar (gemeente),Restaurant,Supermarket,Harbor / Marina,Italian Restaurant,Garden Center,2,Zuid-Holland,26178,50.85,507.1,20400,https://nl.wikipedia.org/wiki/Wassenaar_(gemeente),https://nl.wikipedia.org/wiki/Bestand:Wassenaar_flag.svg,52.145277777778,4.4005555555556
340,Waterland (gemeente),Café,Restaurant,Bar,Seafood Restaurant,French Restaurant,1,Noord-Holland,17306,52.1,329.4,15400,https://nl.wikipedia.org/wiki/Waterland_(gemeente),https://nl.wikipedia.org/wiki/Bestand:Waterland_vlag.svg,52.451111111111,5.02
341,Weert (gemeente),Restaurant,Bar,Supermarket,Ice Cream Shop,Café,1,Limburg,49735,104.66,467.7,13000,https://nl.wikipedia.org/wiki/Weert_(gemeente),https://nl.wikipedia.org/wiki/Bestand:Flag_of_Weert.svg,51.25375,5.70465
342,Weesp,Park,Lake,Diner,Supermarket,French Restaurant,4,Noord-Holland,19307,20.58,892.2,14600,https://nl.wikipedia.org/wiki/Weesp,https://nl.wikipedia.org/wiki/Bestand:Weesp_Netherlands.svg,52.306944444444,5.0416666666667
343,Werkendam (gemeente),Restaurant,Diner,Soccer Field,Movie Theater,Supermarket,2,Noord-Brabant,27054,105.0,252.0,13200,https://nl.wikipedia.org/wiki/Werkendam_(gemeente),https://nl.wikipedia.org/wiki/Bestand:Werkendam_vlag.svg,51.809722222222,4.8927777777778
344,West Maas en Waal,Restaurant,Supermarket,Garden Center,Diner,Harbor / Marina,2,Gelderland,18939,77.45,239.4,13100,https://nl.wikipedia.org/wiki/West_Maas_en_Waal,https://nl.wikipedia.org/wiki/Bestand:West_Maas_en_Waal-vlag.svg,51.850277777778,5.4863888888889
345,Westerveld (gemeente),Restaurant,Café,Campground,Supermarket,Bar,2,Drenthe,19149,278.99,68.2,13600,https://nl.wikipedia.org/wiki/Westerveld_(gemeente),https://nl.wikipedia.org/wiki/Bestand:Westerveld_vlag.svg,52.766666666667,6.2333333333333
346,Westervoort,Supermarket,Shopping Mall,Furniture / Home Store,Restaurant,Tea Room,4,Gelderland,14973,7.11,2111.3,12300,https://nl.wikipedia.org/wiki/Westervoort,https://nl.wikipedia.org/wiki/Bestand:Flag_of_Westervoort.svg,51.95,5.9666666666667
347,Westland (gemeente),Beach,Beach Bar,Restaurant,Café,Lounge,5,Zuid-Holland,107674,79.9,1306.6,13600,https://nl.wikipedia.org/wiki/Westland_(gemeente),https://nl.wikipedia.org/wiki/Bestand:Westland_municipality_flag.svg,52.0,4.17
348,Weststellingwerf,Restaurant,Fast Food Restaurant,Campground,Food Court,History Museum,3,Friesland,25781,222.15,114.8,12000,https://nl.wikipedia.org/wiki/Weststellingwerf,https://nl.wikipedia.org/wiki/Bestand:Weststellingwerf_flag.svg,52.864155555556,6.0397333333333
349,Westvoorne,Restaurant,Beach,Supermarket,Pizza Place,Soccer Field,4,Zuid-Holland,14588,53.46,263.0,16300,https://nl.wikipedia.org/wiki/Westvoorne,https://nl.wikipedia.org/wiki/Bestand:Flag_of_Westvoorne.svg,51.89,4.0663888888889
350,Wierden,Supermarket,Restaurant,Shopping Mall,Gym / Fitness Center,Soccer Field,3,Overijssel,24303,94.68,252.0,12600,https://nl.wikipedia.org/wiki/Wierden,https://nl.wikipedia.org/wiki/Bestand:Wierden_vlag.svg,52.35,6.5833333333333
351,Wijchen (gemeente),Restaurant,Diner,Café,Gym,Gym / Fitness Center,2,Gelderland,40835,66.83,611.6,12900,https://nl.wikipedia.org/wiki/Wijchen_(gemeente),https://nl.wikipedia.org/wiki/Bestand:Flag_of_Wijchen.svg,51.806666666667,5.7211111111111
352,Wijdemeren,Restaurant,French Restaurant,Park,Café,Supermarket,2,Noord-Holland,23860,48.02,482.5,15500,https://nl.wikipedia.org/wiki/Wijdemeren,https://nl.wikipedia.org/wiki/Bestand:Wijdemeren_vlag.svg,52.224433333333,5.10315
353,Wijk bij Duurstede,Restaurant,Campground,Hotel,Diner,Golf Course,3,Utrecht,23677,47.62,488.7,13700,https://nl.wikipedia.org/wiki/Wijk_bij_Duurstede,https://nl.wikipedia.org/wiki/Bestand:Vlag_van_Wijk_bij_Duurstede.svg,51.976111111111,5.3369444444444
354,Winsum (gemeente),Café,Lounge,Food,Snack Place,Chinese Restaurant,3,Groningen,13552,101.09,135.8,12300,https://nl.wikipedia.org/wiki/Winsum_(gemeente),https://nl.wikipedia.org/wiki/Bestand:VlagWinsum.svg,53.333333333333,6.5166666666667
355,Winterswijk (gemeente),Restaurant,Campground,Bar,Diner,Supermarket,3,Gelderland,28999,138.25,209.9,11900,https://nl.wikipedia.org/wiki/Winterswijk_(gemeente),https://nl.wikipedia.org/wiki/Bestand:Flag_of_Winterswijk.svg,51.978113888889,6.7236333333333
356,Woensdrecht (gemeente),Restaurant,French Restaurant,Ice Cream Shop,Hotel,Golf Course,3,Noord-Brabant,21856,91.85,235.7,13000,https://nl.wikipedia.org/wiki/Woensdrecht_(gemeente),https://nl.wikipedia.org/wiki/Bestand:Flag_of_Woensdrecht.svg,51.43,4.305
357,Woerden,Restaurant,Supermarket,Soccer Field,Sandwich Place,French Restaurant,4,Utrecht,51836,89.53,566.6,14200,https://nl.wikipedia.org/wiki/Woerden,https://nl.wikipedia.org/wiki/Bestand:Woerden_flag.svg,52.085555555556,4.8852777777778
358,Wormerland,Restaurant,Café,French Restaurant,Supermarket,Bar,1,Noord-Holland,16160,38.8,405.5,13600,https://nl.wikipedia.org/wiki/Wormerland,https://nl.wikipedia.org/wiki/Bestand:Flag_of_Wormerland.svg,52.508611111111,4.8713888888889
359,Woudenberg,Restaurant,Gastropub,Park,Campground,Ice Cream Shop,2,Utrecht,13045,36.47,342.7,13100,https://nl.wikipedia.org/wiki/Woudenberg,https://nl.wikipedia.org/wiki/Bestand:Flag_of_Woudenberg.svg,52.080555555556,5.4163888888889
360,Woudrichem (gemeente),Restaurant,Diner,Café,Supermarket,Bar,2,Noord-Brabant,14729,49.57,290.4,13000,https://nl.wikipedia.org/wiki/Woudrichem_(gemeente),https://nl.wikipedia.org/wiki/Bestand:Woudrichem_vlag.svg,51.813333333333,5.0005555555556
361,Zaanstad,Gym,Bakery,History Museum,Supermarket,French Restaurant,4,Noord-Holland,155141,74.25,2040.3,13100,https://nl.wikipedia.org/wiki/Zaanstad,https://nl.wikipedia.org/wiki/Bestand:Flag_of_Zaanstad.svg,52.469722222222,4.7766666666667
362,Zaltbommel (gemeente),Restaurant,Hotel,Diner,Bar,Fast Food Restaurant,2,Gelderland,14009,79.94,171.4,12800,https://nl.wikipedia.org/wiki/Zaltbommel_(gemeente),https://nl.wikipedia.org/wiki/Bestand:Zaltbommel_vlag.svg,51.816666666667,5.25
363,Zandvoort,Restaurant,Beach Bar,Seafood Restaurant,Beach,Asian Restaurant,5,Noord-Holland,16895,32.04,520.7,15200,https://nl.wikipedia.org/wiki/Zandvoort,https://nl.wikipedia.org/wiki/Bestand:Flag_of_Zandvoort.svg,52.375,4.5358333333333
364,Zederik,Bar,Hotel,Restaurant,Soccer Field,Beach,3,Zuid-Holland,14009,73.77,185.7,12800,https://nl.wikipedia.org/wiki/Zederik,https://nl.wikipedia.org/wiki/Bestand:Zederik_vlag.svg,51.933333333333,5.0155555555556
365,Zeewolde,Beach,Diner,Café,Hotel,Plaza,3,Flevoland,22402,248.76,88.4,12800,https://nl.wikipedia.org/wiki/Zeewolde,https://nl.wikipedia.org/wiki/Bestand:Flag_of_Zeewolde.svg,52.328888888889,5.535
366,Zeist,Restaurant,Soccer Field,Hockey Field,Shopping Mall,Chinese Restaurant,4,Utrecht,63599,48.53,1272.7,15700,https://nl.wikipedia.org/wiki/Zeist,https://nl.wikipedia.org/wiki/Bestand:Flag_of_Zeist.svg,52.0875,5.2416666666667
367,Zevenaar (gemeente),Restaurant,Diner,Café,Furniture / Home Store,Plaza,3,Gelderland,43466,53.79,598.8,13100,https://nl.wikipedia.org/wiki/Zevenaar_(gemeente),https://nl.wikipedia.org/wiki/Bestand:Flag_of_Zevenaar.svg,51.916666666667,6.0833333333333
368,Zoetermeer,Shopping Mall,Supermarket,Restaurant,Asian Restaurant,Fast Food Restaurant,4,Zuid-Holland,124696,34.91,3554.5,13900,https://nl.wikipedia.org/wiki/Zoetermeer,https://nl.wikipedia.org/wiki/Bestand:Zoetermeer_vlag.svg,52.059444444444,4.4958333333333
369,Zoeterwoude,Supermarket,Restaurant,Park,Hockey Field,Lake,4,Zuid-Holland,8381,21.24,382.0,13900,https://nl.wikipedia.org/wiki/Zoeterwoude,https://nl.wikipedia.org/wiki/Bestand:Flag_of_Zoeterwoude.svg,52.113611111111,4.5058333333333
370,Zuidhorn (gemeente),Café,Outdoors & Recreation,Discount Store,Snack Place,French Restaurant,3,Groningen,18972,125.62,149.0,12500,https://nl.wikipedia.org/wiki/Zuidhorn_(gemeente),https://nl.wikipedia.org/wiki/Bestand:Zuidhorn_vlag.svg,53.25,6.4
371,Zuidplas (gemeente),Restaurant,Shopping Mall,Playground,Fast Food Restaurant,Gym / Fitness Center,4,Zuid-Holland,42262,59.36,686.4,,https://nl.wikipedia.org/wiki/Zuidplas_(gemeente),https://nl.wikipedia.org/wiki/Bestand:Zuidplas_flag.svg,52.008888888889,4.6166666666667
372,Zundert (gemeente),Bar,Restaurant,Friterie,Fast Food Restaurant,Soccer Field,1,Noord-Brabant,21765,120.38,177.6,13000,https://nl.wikipedia.org/wiki/Zundert_(gemeente),https://nl.wikipedia.org/wiki/Bestand:Zundert_Netherlands.svg,51.470277777778,4.66
373,Zutphen (gemeente),Restaurant,Supermarket,Café,Italian Restaurant,Ice Cream Shop,2,Gelderland,47522,41.0,1144.5,12600,https://nl.wikipedia.org/wiki/Zutphen_(gemeente),https://nl.wikipedia.org/wiki/Bestand:Flag_of_Zutphen.svg,52.133333333333,6.2
374,Zwartewaterland,Gym,Café,Restaurant,Shopping Mall,Gym / Fitness Center,3,Overijssel,22503,82.76,268.2,11700,https://nl.wikipedia.org/wiki/Zwartewaterland,https://nl.wikipedia.org/wiki/Bestand:Flag_of_Zwartewaterland.svg,52.583333333333,6.0833333333333
375,Zwijndrecht (Nederland),Restaurant,Café,Fast Food Restaurant,Ice Cream Shop,Park,0,Zuid-Holland,44605,20.36,2185.9,13700,https://nl.wikipedia.org/wiki/Zwijndrecht_(Nederland),https://nl.wikipedia.org/wiki/Bestand:Zwijndrecht_(Nederland)_vlag.svg,51.816388888889,4.645
376,Zwolle (hoofdbetekenis),Bar,Café,Park,Modern European Restaurant,Theater,1,Overijssel,126641,112.11,1106.3,13100,https://nl.wikipedia.org/wiki/Zwolle_(hoofdbetekenis),https://nl.wikipedia.org/wiki/Bestand:Flag_of_Zwolle.svg,52.516666666667,6.0833333333333
